scope_boundary,N,budget_mps,horizon_days,evaluation_start_offset_sec,arc_model,K_allowed,K_max,n_feasible,frontier_P95_primary_min,winner_Max_gap_min,winner_K_min
evaluated_candidate_set_only_arc_conditioned_pools,12,25,30,842400,v2_two_edge,1,12,0,,,
evaluated_candidate_set_only_arc_conditioned_pools,12,25,30,842400,v2_two_edge,2,12,1,1015,1071,2
evaluated_candidate_set_only_arc_conditioned_pools,12,25,30,842400,v2_two_edge,3,12,15,558,581,3
evaluated_candidate_set_only_arc_conditioned_pools,12,25,30,842400,v2_two_edge,4,12,149,328,377,4
evaluated_candidate_set_only_arc_conditioned_pools,12,25,30,842400,v2_two_edge,5,12,277,121,200,5
evaluated_candidate_set_only_arc_conditioned_pools,12,25,30,842400,v2_two_edge,6,12,396,42,167,6
evaluated_candidate_set_only_arc_conditioned_pools,12,25,30,842400,v2_two_edge,7,12,593,42,167,6
evaluated_candidate_set_only_arc_conditioned_pools,12,25,30,842400,v2_two_edge,8,12,830,42,167,6
evaluated_candidate_set_only_arc_conditioned_pools,12,25,30,842400,v2_two_edge,9,12,1160,41,199,9
evaluated_candidate_set_only_arc_conditioned_pools,12,25,30,842400,v2_two_edge,10,12,1583,41,182,10
evaluated_candidate_set_only_arc_conditioned_pools,12,25,30,842400,v2_two_edge,11,12,2220,41,182,10
evaluated_candidate_set_only_arc_conditioned_pools,12,25,30,842400,v2_two_edge,12,12,3000,41,182,10
evaluated_candidate_set_only_arc_conditioned_pools,12,25,30,1447200,v2_two_edge,1,12,0,,,
evaluated_candidate_set_only_arc_conditioned_pools,12,25,30,1447200,v2_two_edge,2,12,1,1021,1071,2
evaluated_candidate_set_only_arc_conditioned_pools,12,25,30,1447200,v2_two_edge,3,12,15,549,574,3
evaluated_candidate_set_only_arc_conditioned_pools,12,25,30,1447200,v2_two_edge,4,12,149,328,376,4
evaluated_candidate_set_only_arc_conditioned_pools,12,25,30,1447200,v2_two_edge,5,12,277,125,198,5
evaluated_candidate_set_only_arc_conditioned_pools,12,25,30,1447200,v2_two_edge,6,12,396,42,174,6
evaluated_candidate_set_only_arc_conditioned_pools,12,25,30,1447200,v2_two_edge,7,12,593,40,199,7
evaluated_candidate_set_only_arc_conditioned_pools,12,25,30,1447200,v2_two_edge,8,12,830,40,199,7
evaluated_candidate_set_only_arc_conditioned_pools,12,25,30,1447200,v2_two_edge,9,12,1160,40,199,7
evaluated_candidate_set_only_arc_conditioned_pools,12,25,30,1447200,v2_two_edge,10,12,1583,40,199,7
evaluated_candidate_set_only_arc_conditioned_pools,12,25,30,1447200,v2_two_edge,11,12,2220,40,199,7
evaluated_candidate_set_only_arc_conditioned_pools,12,25,30,1447200,v2_two_edge,12,12,3000,40,199,7
evaluated_candidate_set_only_arc_conditioned_pools,12,25,60,842400,v2_two_edge,1,12,0,,,
evaluated_candidate_set_only_arc_conditioned_pools,12,25,60,842400,v2_two_edge,2,12,29,558,581,2
evaluated_candidate_set_only_arc_conditioned_pools,12,25,60,842400,v2_two_edge,3,12,255,327,362,3
evaluated_candidate_set_only_arc_conditioned_pools,12,25,60,842400,v2_two_edge,4,12,387,42,199,4
evaluated_candidate_set_only_arc_conditioned_pools,12,25,60,842400,v2_two_edge,5,12,549,42,199,4
evaluated_candidate_set_only_arc_conditioned_pools,12,25,60,842400,v2_two_edge,6,12,771,42,167,6
evaluated_candidate_set_only_arc_conditioned_pools,12,25,60,842400,v2_two_edge,7,12,1036,41,208,7
evaluated_candidate_set_only_arc_conditioned_pools,12,25,60,842400,v2_two_edge,8,12,1361,41,182,8
evaluated_candidate_set_only_arc_conditioned_pools,12,25,60,842400,v2_two_edge,9,12,1719,41,182,8
evaluated_candidate_set_only_arc_conditioned_pools,12,25,60,842400,v2_two_edge,10,12,2111,41,182,8
evaluated_candidate_set_only_arc_conditioned_pools,12,25,60,842400,v2_two_edge,11,12,2557,41,182,8
evaluated_candidate_set_only_arc_conditioned_pools,12,25,60,842400,v2_two_edge,12,12,3000,41,182,8
evaluated_candidate_set_only_arc_conditioned_pools,12,25,60,1447200,v2_two_edge,1,12,0,,,
evaluated_candidate_set_only_arc_conditioned_pools,12,25,60,1447200,v2_two_edge,2,12,29,555,556,2
evaluated_candidate_set_only_arc_conditioned_pools,12,25,60,1447200,v2_two_edge,3,12,255,335,377,3
evaluated_candidate_set_only_arc_conditioned_pools,12,25,60,1447200,v2_two_edge,4,12,387,42,199,4
evaluated_candidate_set_only_arc_conditioned_pools,12,25,60,1447200,v2_two_edge,5,12,549,40,199,5
evaluated_candidate_set_only_arc_conditioned_pools,12,25,60,1447200,v2_two_edge,6,12,771,40,199,5
evaluated_candidate_set_only_arc_conditioned_pools,12,25,60,1447200,v2_two_edge,7,12,1036,40,199,5
evaluated_candidate_set_only_arc_conditioned_pools,12,25,60,1447200,v2_two_edge,8,12,1361,40,199,5
evaluated_candidate_set_only_arc_conditioned_pools,12,25,60,1447200,v2_two_edge,9,12,1719,40,199,5
evaluated_candidate_set_only_arc_conditioned_pools,12,25,60,1447200,v2_two_edge,10,12,2111,40,199,5
evaluated_candidate_set_only_arc_conditioned_pools,12,25,60,1447200,v2_two_edge,11,12,2557,40,199,5
evaluated_candidate_set_only_arc_conditioned_pools,12,25,60,1447200,v2_two_edge,12,12,3000,40,199,5
evaluated_candidate_set_only_arc_conditioned_pools,12,25,90,842400,v2_two_edge,1,12,0,,,
evaluated_candidate_set_only_arc_conditioned_pools,12,25,90,842400,v2_two_edge,2,12,255,327,362,2
evaluated_candidate_set_only_arc_conditioned_pools,12,25,90,842400,v2_two_edge,3,12,307,121,200,3
evaluated_candidate_set_only_arc_conditioned_pools,12,25,90,842400,v2_two_edge,4,12,580,42,167,4
evaluated_candidate_set_only_arc_conditioned_pools,12,25,90,842400,v2_two_edge,5,12,759,41,234,5
evaluated_candidate_set_only_arc_conditioned_pools,12,25,90,842400,v2_two_edge,6,12,1042,41,208,6
evaluated_candidate_set_only_arc_conditioned_pools,12,25,90,842400,v2_two_edge,7,12,1354,41,199,7
evaluated_candidate_set_only_arc_conditioned_pools,12,25,90,842400,v2_two_edge,8,12,1679,41,182,8
evaluated_candidate_set_only_arc_conditioned_pools,12,25,90,842400,v2_two_edge,9,12,1999,41,182,8
evaluated_candidate_set_only_arc_conditioned_pools,12,25,90,842400,v2_two_edge,10,12,2347,41,182,8
evaluated_candidate_set_only_arc_conditioned_pools,12,25,90,842400,v2_two_edge,11,12,2662,41,182,8
evaluated_candidate_set_only_arc_conditioned_pools,12,25,90,842400,v2_two_edge,12,12,3000,41,182,8
evaluated_candidate_set_only_arc_conditioned_pools,12,25,90,1447200,v2_two_edge,1,12,0,,,
evaluated_candidate_set_only_arc_conditioned_pools,12,25,90,1447200,v2_two_edge,2,12,255,335,377,2
evaluated_candidate_set_only_arc_conditioned_pools,12,25,90,1447200,v2_two_edge,3,12,307,125,198,3
evaluated_candidate_set_only_arc_conditioned_pools,12,25,90,1447200,v2_two_edge,4,12,580,42,174,4
evaluated_candidate_set_only_arc_conditioned_pools,12,25,90,1447200,v2_two_edge,5,12,759,40,199,5
evaluated_candidate_set_only_arc_conditioned_pools,12,25,90,1447200,v2_two_edge,6,12,1042,40,199,5
evaluated_candidate_set_only_arc_conditioned_pools,12,25,90,1447200,v2_two_edge,7,12,1354,40,199,5
evaluated_candidate_set_only_arc_conditioned_pools,12,25,90,1447200,v2_two_edge,8,12,1679,40,199,5
evaluated_candidate_set_only_arc_conditioned_pools,12,25,90,1447200,v2_two_edge,9,12,1999,40,199,5
evaluated_candidate_set_only_arc_conditioned_pools,12,25,90,1447200,v2_two_edge,10,12,2347,40,199,5
evaluated_candidate_set_only_arc_conditioned_pools,12,25,90,1447200,v2_two_edge,11,12,2662,40,199,5
evaluated_candidate_set_only_arc_conditioned_pools,12,25,90,1447200,v2_two_edge,12,12,3000,40,199,5
evaluated_candidate_set_only_arc_conditioned_pools,12,50,30,842400,v2_two_edge,1,12,0,,,
evaluated_candidate_set_only_arc_conditioned_pools,12,50,30,842400,v2_two_edge,2,12,29,558,581,2
evaluated_candidate_set_only_arc_conditioned_pools,12,50,30,842400,v2_two_edge,3,12,255,327,362,3
evaluated_candidate_set_only_arc_conditioned_pools,12,50,30,842400,v2_two_edge,4,12,387,42,199,4
evaluated_candidate_set_only_arc_conditioned_pools,12,50,30,842400,v2_two_edge,5,12,549,42,199,4
evaluated_candidate_set_only_arc_conditioned_pools,12,50,30,842400,v2_two_edge,6,12,771,42,167,6
evaluated_candidate_set_only_arc_conditioned_pools,12,50,30,842400,v2_two_edge,7,12,1036,41,208,7
evaluated_candidate_set_only_arc_conditioned_pools,12,50,30,842400,v2_two_edge,8,12,1361,41,182,8
evaluated_candidate_set_only_arc_conditioned_pools,12,50,30,842400,v2_two_edge,9,12,1719,41,182,8
evaluated_candidate_set_only_arc_conditioned_pools,12,50,30,842400,v2_two_edge,10,12,2111,41,182,8
evaluated_candidate_set_only_arc_conditioned_pools,12,50,30,842400,v2_two_edge,11,12,2558,41,182,8
evaluated_candidate_set_only_arc_conditioned_pools,12,50,30,842400,v2_two_edge,12,12,3000,41,182,8
evaluated_candidate_set_only_arc_conditioned_pools,12,50,30,1447200,v2_two_edge,1,12,0,,,
evaluated_candidate_set_only_arc_conditioned_pools,12,50,30,1447200,v2_two_edge,2,12,29,555,556,2
evaluated_candidate_set_only_arc_conditioned_pools,12,50,30,1447200,v2_two_edge,3,12,255,335,377,3
evaluated_candidate_set_only_arc_conditioned_pools,12,50,30,1447200,v2_two_edge,4,12,387,42,199,4
evaluated_candidate_set_only_arc_conditioned_pools,12,50,30,1447200,v2_two_edge,5,12,549,40,199,5
evaluated_candidate_set_only_arc_conditioned_pools,12,50,30,1447200,v2_two_edge,6,12,771,40,199,5
evaluated_candidate_set_only_arc_conditioned_pools,12,50,30,1447200,v2_two_edge,7,12,1036,40,199,5
evaluated_candidate_set_only_arc_conditioned_pools,12,50,30,1447200,v2_two_edge,8,12,1361,40,199,5
evaluated_candidate_set_only_arc_conditioned_pools,12,50,30,1447200,v2_two_edge,9,12,1719,40,199,5
evaluated_candidate_set_only_arc_conditioned_pools,12,50,30,1447200,v2_two_edge,10,12,2111,40,199,5
evaluated_candidate_set_only_arc_conditioned_pools,12,50,30,1447200,v2_two_edge,11,12,2558,40,199,5
evaluated_candidate_set_only_arc_conditioned_pools,12,50,30,1447200,v2_two_edge,12,12,3000,40,199,5
evaluated_candidate_set_only_arc_conditioned_pools,12,50,60,842400,v2_two_edge,1,12,7,614,647,1
evaluated_candidate_set_only_arc_conditioned_pools,12,50,60,842400,v2_two_edge,2,12,284,311,361,2
evaluated_candidate_set_only_arc_conditioned_pools,12,50,60,842400,v2_two_edge,3,12,437,120,176,3
evaluated_candidate_set_only_arc_conditioned_pools,12,50,60,842400,v2_two_edge,4,12,732,42,167,4
evaluated_candidate_set_only_arc_conditioned_pools,12,50,60,842400,v2_two_edge,5,12,1002,41,199,5
evaluated_candidate_set_only_arc_conditioned_pools,12,50,60,842400,v2_two_edge,6,12,1291,41,199,5
evaluated_candidate_set_only_arc_conditioned_pools,12,50,60,842400,v2_two_edge,7,12,1578,41,199,5
evaluated_candidate_set_only_arc_conditioned_pools,12,50,60,842400,v2_two_edge,8,12,1870,41,182,8
evaluated_candidate_set_only_arc_conditioned_pools,12,50,60,842400,v2_two_edge,9,12,2154,41,182,8
evaluated_candidate_set_only_arc_conditioned_pools,12,50,60,842400,v2_two_edge,10,12,2441,41,182,8
evaluated_candidate_set_only_arc_conditioned_pools,12,50,60,842400,v2_two_edge,11,12,2719,41,182,8
evaluated_candidate_set_only_arc_conditioned_pools,12,50,60,842400,v2_two_edge,12,12,3000,41,182,8
evaluated_candidate_set_only_arc_conditioned_pools,12,50,60,1447200,v2_two_edge,1,12,7,651,681,1
evaluated_candidate_set_only_arc_conditioned_pools,12,50,60,1447200,v2_two_edge,2,12,284,312,361,2
evaluated_candidate_set_only_arc_conditioned_pools,12,50,60,1447200,v2_two_edge,3,12,437,100,176,3
evaluated_candidate_set_only_arc_conditioned_pools,12,50,60,1447200,v2_two_edge,4,12,732,40,199,4
evaluated_candidate_set_only_arc_conditioned_pools,12,50,60,1447200,v2_two_edge,5,12,1002,40,199,4
evaluated_candidate_set_only_arc_conditioned_pools,12,50,60,1447200,v2_two_edge,6,12,1291,40,199,4
evaluated_candidate_set_only_arc_conditioned_pools,12,50,60,1447200,v2_two_edge,7,12,1578,40,199,4
evaluated_candidate_set_only_arc_conditioned_pools,12,50,60,1447200,v2_two_edge,8,12,1870,40,199,4
evaluated_candidate_set_only_arc_conditioned_pools,12,50,60,1447200,v2_two_edge,9,12,2154,40,199,4
evaluated_candidate_set_only_arc_conditioned_pools,12,50,60,1447200,v2_two_edge,10,12,2441,40,199,4
evaluated_candidate_set_only_arc_conditioned_pools,12,50,60,1447200,v2_two_edge,11,12,2719,40,199,4
evaluated_candidate_set_only_arc_conditioned_pools,12,50,60,1447200,v2_two_edge,12,12,3000,40,199,4
evaluated_candidate_set_only_arc_conditioned_pools,12,50,90,842400,v2_two_edge,1,12,249,540,567,1
evaluated_candidate_set_only_arc_conditioned_pools,12,50,90,842400,v2_two_edge,2,12,502,295,345,2
evaluated_candidate_set_only_arc_conditioned_pools,12,50,90,842400,v2_two_edge,3,12,756,97,199,3
evaluated_candidate_set_only_arc_conditioned_pools,12,50,90,842400,v2_two_edge,4,12,1007,41,182,4
evaluated_candidate_set_only_arc_conditioned_pools,12,50,90,842400,v2_two_edge,5,12,1256,41,182,4
evaluated_candidate_set_only_arc_conditioned_pools,12,50,90,842400,v2_two_edge,6,12,1505,41,182,4
evaluated_candidate_set_only_arc_conditioned_pools,12,50,90,842400,v2_two_edge,7,12,1755,41,182,4
evaluated_candidate_set_only_arc_conditioned_pools,12,50,90,842400,v2_two_edge,8,12,2005,41,182,4
evaluated_candidate_set_only_arc_conditioned_pools,12,50,90,842400,v2_two_edge,9,12,2281,41,182,4
evaluated_candidate_set_only_arc_conditioned_pools,12,50,90,842400,v2_two_edge,10,12,2637,41,182,4
evaluated_candidate_set_only_arc_conditioned_pools,12,50,90,842400,v2_two_edge,11,12,2926,41,182,4
evaluated_candidate_set_only_arc_conditioned_pools,12,50,90,842400,v2_two_edge,12,12,3000,41,182,4
evaluated_candidate_set_only_arc_conditioned_pools,12,50,90,1447200,v2_two_edge,1,12,249,549,574,1
evaluated_candidate_set_only_arc_conditioned_pools,12,50,90,1447200,v2_two_edge,2,12,502,296,330,2
evaluated_candidate_set_only_arc_conditioned_pools,12,50,90,1447200,v2_two_edge,3,12,756,97,176,3
evaluated_candidate_set_only_arc_conditioned_pools,12,50,90,1447200,v2_two_edge,4,12,1007,40,199,4
evaluated_candidate_set_only_arc_conditioned_pools,12,50,90,1447200,v2_two_edge,5,12,1256,40,199,4
evaluated_candidate_set_only_arc_conditioned_pools,12,50,90,1447200,v2_two_edge,6,12,1505,40,199,4
evaluated_candidate_set_only_arc_conditioned_pools,12,50,90,1447200,v2_two_edge,7,12,1755,40,199,4
evaluated_candidate_set_only_arc_conditioned_pools,12,50,90,1447200,v2_two_edge,8,12,2005,40,199,4
evaluated_candidate_set_only_arc_conditioned_pools,12,50,90,1447200,v2_two_edge,9,12,2281,40,199,4
evaluated_candidate_set_only_arc_conditioned_pools,12,50,90,1447200,v2_two_edge,10,12,2637,40,199,4
evaluated_candidate_set_only_arc_conditioned_pools,12,50,90,1447200,v2_two_edge,11,12,2926,40,199,4
evaluated_candidate_set_only_arc_conditioned_pools,12,50,90,1447200,v2_two_edge,12,12,3000,40,199,4
evaluated_candidate_set_only_arc_conditioned_pools,12,75,30,842400,v2_two_edge,1,12,0,,,
evaluated_candidate_set_only_arc_conditioned_pools,12,75,30,842400,v2_two_edge,2,12,66,546,602,2
evaluated_candidate_set_only_arc_conditioned_pools,12,75,30,842400,v2_two_edge,3,12,262,126,193,3
evaluated_candidate_set_only_arc_conditioned_pools,12,75,30,842400,v2_two_edge,4,12,433,42,199,4
evaluated_candidate_set_only_arc_conditioned_pools,12,75,30,842400,v2_two_edge,5,12,612,42,167,5
evaluated_candidate_set_only_arc_conditioned_pools,12,75,30,842400,v2_two_edge,6,12,842,42,167,5
evaluated_candidate_set_only_arc_conditioned_pools,12,75,30,842400,v2_two_edge,7,12,1107,41,199,7
evaluated_candidate_set_only_arc_conditioned_pools,12,75,30,842400,v2_two_edge,8,12,1425,41,182,8
evaluated_candidate_set_only_arc_conditioned_pools,12,75,30,842400,v2_two_edge,9,12,1799,41,182,8
evaluated_candidate_set_only_arc_conditioned_pools,12,75,30,842400,v2_two_edge,10,12,2177,41,182,8
evaluated_candidate_set_only_arc_conditioned_pools,12,75,30,842400,v2_two_edge,11,12,2581,41,182,8
evaluated_candidate_set_only_arc_conditioned_pools,12,75,30,842400,v2_two_edge,12,12,3000,41,182,8
evaluated_candidate_set_only_arc_conditioned_pools,12,75,30,1447200,v2_two_edge,1,12,0,,,
evaluated_candidate_set_only_arc_conditioned_pools,12,75,30,1447200,v2_two_edge,2,12,66,549,574,2
evaluated_candidate_set_only_arc_conditioned_pools,12,75,30,1447200,v2_two_edge,3,12,262,126,194,3
evaluated_candidate_set_only_arc_conditioned_pools,12,75,30,1447200,v2_two_edge,4,12,433,42,199,4
evaluated_candidate_set_only_arc_conditioned_pools,12,75,30,1447200,v2_two_edge,5,12,612,40,199,5
evaluated_candidate_set_only_arc_conditioned_pools,12,75,30,1447200,v2_two_edge,6,12,842,40,199,5
evaluated_candidate_set_only_arc_conditioned_pools,12,75,30,1447200,v2_two_edge,7,12,1107,40,199,5
evaluated_candidate_set_only_arc_conditioned_pools,12,75,30,1447200,v2_two_edge,8,12,1425,40,199,5
evaluated_candidate_set_only_arc_conditioned_pools,12,75,30,1447200,v2_two_edge,9,12,1799,40,199,5
evaluated_candidate_set_only_arc_conditioned_pools,12,75,30,1447200,v2_two_edge,10,12,2177,40,199,5
evaluated_candidate_set_only_arc_conditioned_pools,12,75,30,1447200,v2_two_edge,11,12,2581,40,199,5
evaluated_candidate_set_only_arc_conditioned_pools,12,75,30,1447200,v2_two_edge,12,12,3000,40,199,5
evaluated_candidate_set_only_arc_conditioned_pools,12,75,60,842400,v2_two_edge,1,12,25,558,581,1
evaluated_candidate_set_only_arc_conditioned_pools,12,75,60,842400,v2_two_edge,2,12,313,295,361,2
evaluated_candidate_set_only_arc_conditioned_pools,12,75,60,842400,v2_two_edge,3,12,516,103,176,3
evaluated_candidate_set_only_arc_conditioned_pools,12,75,60,842400,v2_two_edge,4,12,813,41,199,4
evaluated_candidate_set_only_arc_conditioned_pools,12,75,60,842400,v2_two_edge,5,12,1086,41,199,4
evaluated_candidate_set_only_arc_conditioned_pools,12,75,60,842400,v2_two_edge,6,12,1376,41,182,6
evaluated_candidate_set_only_arc_conditioned_pools,12,75,60,842400,v2_two_edge,7,12,1641,41,182,6
evaluated_candidate_set_only_arc_conditioned_pools,12,75,60,842400,v2_two_edge,8,12,1923,41,182,6
evaluated_candidate_set_only_arc_conditioned_pools,12,75,60,842400,v2_two_edge,9,12,2189,41,182,6
evaluated_candidate_set_only_arc_conditioned_pools,12,75,60,842400,v2_two_edge,10,12,2467,41,182,6
evaluated_candidate_set_only_arc_conditioned_pools,12,75,60,842400,v2_two_edge,11,12,2752,41,182,6
evaluated_candidate_set_only_arc_conditioned_pools,12,75,60,842400,v2_two_edge,12,12,3000,41,182,6
evaluated_candidate_set_only_arc_conditioned_pools,12,75,60,1447200,v2_two_edge,1,12,25,586,594,1
evaluated_candidate_set_only_arc_conditioned_pools,12,75,60,1447200,v2_two_edge,2,12,313,296,361,2
evaluated_candidate_set_only_arc_conditioned_pools,12,75,60,1447200,v2_two_edge,3,12,516,100,176,3
evaluated_candidate_set_only_arc_conditioned_pools,12,75,60,1447200,v2_two_edge,4,12,813,40,199,4
evaluated_candidate_set_only_arc_conditioned_pools,12,75,60,1447200,v2_two_edge,5,12,1086,40,199,4
evaluated_candidate_set_only_arc_conditioned_pools,12,75,60,1447200,v2_two_edge,6,12,1376,40,199,4
evaluated_candidate_set_only_arc_conditioned_pools,12,75,60,1447200,v2_two_edge,7,12,1641,40,199,4
evaluated_candidate_set_only_arc_conditioned_pools,12,75,60,1447200,v2_two_edge,8,12,1923,40,199,4
evaluated_candidate_set_only_arc_conditioned_pools,12,75,60,1447200,v2_two_edge,9,12,2189,40,199,4
evaluated_candidate_set_only_arc_conditioned_pools,12,75,60,1447200,v2_two_edge,10,12,2467,40,199,4
evaluated_candidate_set_only_arc_conditioned_pools,12,75,60,1447200,v2_two_edge,11,12,2752,40,199,4
evaluated_candidate_set_only_arc_conditioned_pools,12,75,60,1447200,v2_two_edge,12,12,3000,40,199,4
evaluated_candidate_set_only_arc_conditioned_pools,12,75,90,842400,v2_two_edge,1,12,252,540,567,1
evaluated_candidate_set_only_arc_conditioned_pools,12,75,90,842400,v2_two_edge,2,12,504,295,345,2
evaluated_candidate_set_only_arc_conditioned_pools,12,75,90,842400,v2_two_edge,3,12,756,97,199,3
evaluated_candidate_set_only_arc_conditioned_pools,12,75,90,842400,v2_two_edge,4,12,1008,41,182,4
evaluated_candidate_set_only_arc_conditioned_pools,12,75,90,842400,v2_two_edge,5,12,1257,41,182,4
evaluated_candidate_set_only_arc_conditioned_pools,12,75,90,842400,v2_two_edge,6,12,1506,41,182,4
evaluated_candidate_set_only_arc_conditioned_pools,12,75,90,842400,v2_two_edge,7,12,1755,41,182,4
evaluated_candidate_set_only_arc_conditioned_pools,12,75,90,842400,v2_two_edge,8,12,2012,41,182,4
evaluated_candidate_set_only_arc_conditioned_pools,12,75,90,842400,v2_two_edge,9,12,2331,41,182,4
evaluated_candidate_set_only_arc_conditioned_pools,12,75,90,842400,v2_two_edge,10,12,2738,41,182,4
evaluated_candidate_set_only_arc_conditioned_pools,12,75,90,842400,v2_two_edge,11,12,2966,41,182,4
evaluated_candidate_set_only_arc_conditioned_pools,12,75,90,842400,v2_two_edge,12,12,3000,41,182,4
evaluated_candidate_set_only_arc_conditioned_pools,12,75,90,1447200,v2_two_edge,1,12,252,549,574,1
evaluated_candidate_set_only_arc_conditioned_pools,12,75,90,1447200,v2_two_edge,2,12,504,296,330,2
evaluated_candidate_set_only_arc_conditioned_pools,12,75,90,1447200,v2_two_edge,3,12,756,97,176,3
evaluated_candidate_set_only_arc_conditioned_pools,12,75,90,1447200,v2_two_edge,4,12,1008,40,199,4
evaluated_candidate_set_only_arc_conditioned_pools,12,75,90,1447200,v2_two_edge,5,12,1257,40,199,4
evaluated_candidate_set_only_arc_conditioned_pools,12,75,90,1447200,v2_two_edge,6,12,1506,40,199,4
evaluated_candidate_set_only_arc_conditioned_pools,12,75,90,1447200,v2_two_edge,7,12,1755,40,199,4
evaluated_candidate_set_only_arc_conditioned_pools,12,75,90,1447200,v2_two_edge,8,12,2012,40,199,4
evaluated_candidate_set_only_arc_conditioned_pools,12,75,90,1447200,v2_two_edge,9,12,2331,40,199,4
evaluated_candidate_set_only_arc_conditioned_pools,12,75,90,1447200,v2_two_edge,10,12,2738,40,199,4
evaluated_candidate_set_only_arc_conditioned_pools,12,75,90,1447200,v2_two_edge,11,12,2966,40,199,4
evaluated_candidate_set_only_arc_conditioned_pools,12,75,90,1447200,v2_two_edge,12,12,3000,40,199,4
evaluated_candidate_set_only_arc_conditioned_pools,24,25,30,842400,v2_two_edge,1,24,0,,,
evaluated_candidate_set_only_arc_conditioned_pools,24,25,30,842400,v2_two_edge,2,24,0,,,
evaluated_candidate_set_only_arc_conditioned_pools,24,25,30,842400,v2_two_edge,3,24,0,,,
evaluated_candidate_set_only_arc_conditioned_pools,24,25,30,842400,v2_two_edge,4,24,6,582,593,4
evaluated_candidate_set_only_arc_conditioned_pools,24,25,30,842400,v2_two_edge,5,24,94,549,552,5
evaluated_candidate_set_only_arc_conditioned_pools,24,25,30,842400,v2_two_edge,6,24,126,542,553,6
evaluated_candidate_set_only_arc_conditioned_pools,24,25,30,842400,v2_two_edge,7,24,136,291,324,7
evaluated_candidate_set_only_arc_conditioned_pools,24,25,30,842400,v2_two_edge,8,24,180,289,316,8
evaluated_candidate_set_only_arc_conditioned_pools,24,25,30,842400,v2_two_edge,9,24,240,90,164,9
evaluated_candidate_set_only_arc_conditioned_pools,24,25,30,842400,v2_two_edge,10,24,283,31,151,10
evaluated_candidate_set_only_arc_conditioned_pools,24,25,30,842400,v2_two_edge,11,24,345,29,166,11
evaluated_candidate_set_only_arc_conditioned_pools,24,25,30,842400,v2_two_edge,12,24,410,24,34,12
evaluated_candidate_set_only_arc_conditioned_pools,24,25,30,842400,v2_two_edge,13,24,481,21,32,13
evaluated_candidate_set_only_arc_conditioned_pools,24,25,30,842400,v2_two_edge,14,24,577,20,32,14
evaluated_candidate_set_only_arc_conditioned_pools,24,25,30,842400,v2_two_edge,15,24,685,20,32,14
evaluated_candidate_set_only_arc_conditioned_pools,24,25,30,842400,v2_two_edge,16,24,793,20,32,14
evaluated_candidate_set_only_arc_conditioned_pools,24,25,30,842400,v2_two_edge,17,24,945,20,32,14
evaluated_candidate_set_only_arc_conditioned_pools,24,25,30,842400,v2_two_edge,18,24,1095,20,32,14
evaluated_candidate_set_only_arc_conditioned_pools,24,25,30,842400,v2_two_edge,19,24,1315,20,32,14
evaluated_candidate_set_only_arc_conditioned_pools,24,25,30,842400,v2_two_edge,20,24,1593,20,32,14
evaluated_candidate_set_only_arc_conditioned_pools,24,25,30,842400,v2_two_edge,21,24,1992,20,32,14
evaluated_candidate_set_only_arc_conditioned_pools,24,25,30,842400,v2_two_edge,22,24,2479,20,32,14
evaluated_candidate_set_only_arc_conditioned_pools,24,25,30,842400,v2_two_edge,23,24,2852,20,32,14
evaluated_candidate_set_only_arc_conditioned_pools,24,25,30,842400,v2_two_edge,24,24,3000,20,32,14
evaluated_candidate_set_only_arc_conditioned_pools,24,25,30,1447200,v2_two_edge,1,24,0,,,
evaluated_candidate_set_only_arc_conditioned_pools,24,25,30,1447200,v2_two_edge,2,24,0,,,
evaluated_candidate_set_only_arc_conditioned_pools,24,25,30,1447200,v2_two_edge,3,24,0,,,
evaluated_candidate_set_only_arc_conditioned_pools,24,25,30,1447200,v2_two_edge,4,24,6,570,613,4
evaluated_candidate_set_only_arc_conditioned_pools,24,25,30,1447200,v2_two_edge,5,24,94,534,561,5
evaluated_candidate_set_only_arc_conditioned_pools,24,25,30,1447200,v2_two_edge,6,24,126,534,561,5
evaluated_candidate_set_only_arc_conditioned_pools,24,25,30,1447200,v2_two_edge,7,24,136,292,349,7
evaluated_candidate_set_only_arc_conditioned_pools,24,25,30,1447200,v2_two_edge,8,24,180,284,324,8
evaluated_candidate_set_only_arc_conditioned_pools,24,25,30,1447200,v2_two_edge,9,24,240,90,164,9
evaluated_candidate_set_only_arc_conditioned_pools,24,25,30,1447200,v2_two_edge,10,24,283,30,148,10
evaluated_candidate_set_only_arc_conditioned_pools,24,25,30,1447200,v2_two_edge,11,24,345,29,179,11
evaluated_candidate_set_only_arc_conditioned_pools,24,25,30,1447200,v2_two_edge,12,24,410,24,42,12
evaluated_candidate_set_only_arc_conditioned_pools,24,25,30,1447200,v2_two_edge,13,24,481,21,32,13
evaluated_candidate_set_only_arc_conditioned_pools,24,25,30,1447200,v2_two_edge,14,24,577,20,31,14
evaluated_candidate_set_only_arc_conditioned_pools,24,25,30,1447200,v2_two_edge,15,24,685,19,174,15
evaluated_candidate_set_only_arc_conditioned_pools,24,25,30,1447200,v2_two_edge,16,24,793,19,174,15
evaluated_candidate_set_only_arc_conditioned_pools,24,25,30,1447200,v2_two_edge,17,24,945,19,174,15
evaluated_candidate_set_only_arc_conditioned_pools,24,25,30,1447200,v2_two_edge,18,24,1095,19,174,15
evaluated_candidate_set_only_arc_conditioned_pools,24,25,30,1447200,v2_two_edge,19,24,1315,19,174,15
evaluated_candidate_set_only_arc_conditioned_pools,24,25,30,1447200,v2_two_edge,20,24,1593,19,174,15
evaluated_candidate_set_only_arc_conditioned_pools,24,25,30,1447200,v2_two_edge,21,24,1992,19,174,15
evaluated_candidate_set_only_arc_conditioned_pools,24,25,30,1447200,v2_two_edge,22,24,2479,19,174,15
evaluated_candidate_set_only_arc_conditioned_pools,24,25,30,1447200,v2_two_edge,23,24,2852,19,174,15
evaluated_candidate_set_only_arc_conditioned_pools,24,25,30,1447200,v2_two_edge,24,24,3000,19,174,15
evaluated_candidate_set_only_arc_conditioned_pools,24,25,60,842400,v2_two_edge,1,24,0,,,
evaluated_candidate_set_only_arc_conditioned_pools,24,25,60,842400,v2_two_edge,2,24,0,,,
evaluated_candidate_set_only_arc_conditioned_pools,24,25,60,842400,v2_two_edge,3,24,126,542,553,3
evaluated_candidate_set_only_arc_conditioned_pools,24,25,60,842400,v2_two_edge,4,24,128,323,365,4
evaluated_candidate_set_only_arc_conditioned_pools,24,25,60,842400,v2_two_edge,5,24,160,291,333,5
evaluated_candidate_set_only_arc_conditioned_pools,24,25,60,842400,v2_two_edge,6,24,261,89,139,6
evaluated_candidate_set_only_arc_conditioned_pools,24,25,60,842400,v2_two_edge,7,24,306,30,166,7
evaluated_candidate_set_only_arc_conditioned_pools,24,25,60,842400,v2_two_edge,8,24,380,29,166,8
evaluated_candidate_set_only_arc_conditioned_pools,24,25,60,842400,v2_two_edge,9,24,482,23,40,9
evaluated_candidate_set_only_arc_conditioned_pools,24,25,60,842400,v2_two_edge,10,24,559,23,23,10
evaluated_candidate_set_only_arc_conditioned_pools,24,25,60,842400,v2_two_edge,11,24,643,21,34,11
evaluated_candidate_set_only_arc_conditioned_pools,24,25,60,842400,v2_two_edge,12,24,744,21,32,12
evaluated_candidate_set_only_arc_conditioned_pools,24,25,60,842400,v2_two_edge,13,24,890,20,32,13
evaluated_candidate_set_only_arc_conditioned_pools,24,25,60,842400,v2_two_edge,14,24,1012,20,32,13
evaluated_candidate_set_only_arc_conditioned_pools,24,25,60,842400,v2_two_edge,15,24,1171,20,32,13
evaluated_candidate_set_only_arc_conditioned_pools,24,25,60,842400,v2_two_edge,16,24,1313,20,32,13
evaluated_candidate_set_only_arc_conditioned_pools,24,25,60,842400,v2_two_edge,17,24,1504,20,32,13
evaluated_candidate_set_only_arc_conditioned_pools,24,25,60,842400,v2_two_edge,18,24,1761,20,32,13
evaluated_candidate_set_only_arc_conditioned_pools,24,25,60,842400,v2_two_edge,19,24,2111,20,32,13
evaluated_candidate_set_only_arc_conditioned_pools,24,25,60,842400,v2_two_edge,20,24,2517,20,32,13
evaluated_candidate_set_only_arc_conditioned_pools,24,25,60,842400,v2_two_edge,21,24,2827,20,32,13
evaluated_candidate_set_only_arc_conditioned_pools,24,25,60,842400,v2_two_edge,22,24,2967,20,32,13
evaluated_candidate_set_only_arc_conditioned_pools,24,25,60,842400,v2_two_edge,23,24,2994,20,32,13
evaluated_candidate_set_only_arc_conditioned_pools,24,25,60,842400,v2_two_edge,24,24,3000,20,32,13
evaluated_candidate_set_only_arc_conditioned_pools,24,25,60,1447200,v2_two_edge,1,24,0,,,
evaluated_candidate_set_only_arc_conditioned_pools,24,25,60,1447200,v2_two_edge,2,24,0,,,
evaluated_candidate_set_only_arc_conditioned_pools,24,25,60,1447200,v2_two_edge,3,24,126,534,561,3
evaluated_candidate_set_only_arc_conditioned_pools,24,25,60,1447200,v2_two_edge,4,24,128,316,365,4
evaluated_candidate_set_only_arc_conditioned_pools,24,25,60,1447200,v2_two_edge,5,24,160,284,341,5
evaluated_candidate_set_only_arc_conditioned_pools,24,25,60,1447200,v2_two_edge,6,24,261,89,139,6
evaluated_candidate_set_only_arc_conditioned_pools,24,25,60,1447200,v2_two_edge,7,24,306,30,158,7
evaluated_candidate_set_only_arc_conditioned_pools,24,25,60,1447200,v2_two_edge,8,24,380,29,135,8
evaluated_candidate_set_only_arc_conditioned_pools,24,25,60,1447200,v2_two_edge,9,24,482,19,174,9
evaluated_candidate_set_only_arc_conditioned_pools,24,25,60,1447200,v2_two_edge,10,24,559,19,174,9
evaluated_candidate_set_only_arc_conditioned_pools,24,25,60,1447200,v2_two_edge,11,24,643,19,174,9
evaluated_candidate_set_only_arc_conditioned_pools,24,25,60,1447200,v2_two_edge,12,24,744,19,174,9
evaluated_candidate_set_only_arc_conditioned_pools,24,25,60,1447200,v2_two_edge,13,24,890,19,174,9
evaluated_candidate_set_only_arc_conditioned_pools,24,25,60,1447200,v2_two_edge,14,24,1012,19,174,9
evaluated_candidate_set_only_arc_conditioned_pools,24,25,60,1447200,v2_two_edge,15,24,1171,19,174,9
evaluated_candidate_set_only_arc_conditioned_pools,24,25,60,1447200,v2_two_edge,16,24,1313,19,174,9
evaluated_candidate_set_only_arc_conditioned_pools,24,25,60,1447200,v2_two_edge,17,24,1504,19,174,9
evaluated_candidate_set_only_arc_conditioned_pools,24,25,60,1447200,v2_two_edge,18,24,1761,19,174,9
evaluated_candidate_set_only_arc_conditioned_pools,24,25,60,1447200,v2_two_edge,19,24,2111,19,174,9
evaluated_candidate_set_only_arc_conditioned_pools,24,25,60,1447200,v2_two_edge,20,24,2517,19,174,9
evaluated_candidate_set_only_arc_conditioned_pools,24,25,60,1447200,v2_two_edge,21,24,2827,19,174,9
evaluated_candidate_set_only_arc_conditioned_pools,24,25,60,1447200,v2_two_edge,22,24,2967,19,174,9
evaluated_candidate_set_only_arc_conditioned_pools,24,25,60,1447200,v2_two_edge,23,24,2994,19,174,9
evaluated_candidate_set_only_arc_conditioned_pools,24,25,60,1447200,v2_two_edge,24,24,3000,19,174,9
evaluated_candidate_set_only_arc_conditioned_pools,24,25,90,842400,v2_two_edge,1,22,0,,,
evaluated_candidate_set_only_arc_conditioned_pools,24,25,90,842400,v2_two_edge,2,22,126,542,553,2
evaluated_candidate_set_only_arc_conditioned_pools,24,25,90,842400,v2_two_edge,3,22,126,542,553,2
evaluated_candidate_set_only_arc_conditioned_pools,24,25,90,842400,v2_two_edge,4,22,252,285,341,4
evaluated_candidate_set_only_arc_conditioned_pools,24,25,90,842400,v2_two_edge,5,22,263,88,151,5
evaluated_candidate_set_only_arc_conditioned_pools,24,25,90,842400,v2_two_edge,6,22,386,30,150,6
evaluated_candidate_set_only_arc_conditioned_pools,24,25,90,842400,v2_two_edge,7,22,441,23,39,7
evaluated_candidate_set_only_arc_conditioned_pools,24,25,90,842400,v2_two_edge,8,22,547,23,23,8
evaluated_candidate_set_only_arc_conditioned_pools,24,25,90,842400,v2_two_edge,9,22,641,20,32,9
evaluated_candidate_set_only_arc_conditioned_pools,24,25,90,842400,v2_two_edge,10,22,766,20,32,9
evaluated_candidate_set_only_arc_conditioned_pools,24,25,90,842400,v2_two_edge,11,22,899,20,32,9
evaluated_candidate_set_only_arc_conditioned_pools,24,25,90,842400,v2_two_edge,12,22,1034,20,32,9
evaluated_candidate_set_only_arc_conditioned_pools,24,25,90,842400,v2_two_edge,13,22,1187,20,32,9
evaluated_candidate_set_only_arc_conditioned_pools,24,25,90,842400,v2_two_edge,14,22,1352,20,32,9
evaluated_candidate_set_only_arc_conditioned_pools,24,25,90,842400,v2_two_edge,15,22,1552,20,32,9
evaluated_candidate_set_only_arc_conditioned_pools,24,25,90,842400,v2_two_edge,16,22,1827,20,32,9
evaluated_candidate_set_only_arc_conditioned_pools,24,25,90,842400,v2_two_edge,17,22,2227,20,32,9
evaluated_candidate_set_only_arc_conditioned_pools,24,25,90,842400,v2_two_edge,18,22,2611,20,32,9
evaluated_candidate_set_only_arc_conditioned_pools,24,25,90,842400,v2_two_edge,19,22,2869,20,32,9
evaluated_candidate_set_only_arc_conditioned_pools,24,25,90,842400,v2_two_edge,20,22,2973,20,32,9
evaluated_candidate_set_only_arc_conditioned_pools,24,25,90,842400,v2_two_edge,21,22,2997,20,32,9
evaluated_candidate_set_only_arc_conditioned_pools,24,25,90,842400,v2_two_edge,22,22,3000,20,32,9
evaluated_candidate_set_only_arc_conditioned_pools,24,25,90,1447200,v2_two_edge,1,22,0,,,
evaluated_candidate_set_only_arc_conditioned_pools,24,25,90,1447200,v2_two_edge,2,22,126,534,561,2
evaluated_candidate_set_only_arc_conditioned_pools,24,25,90,1447200,v2_two_edge,3,22,126,534,561,2
evaluated_candidate_set_only_arc_conditioned_pools,24,25,90,1447200,v2_two_edge,4,22,252,283,325,4
evaluated_candidate_set_only_arc_conditioned_pools,24,25,90,1447200,v2_two_edge,5,22,263,88,163,5
evaluated_candidate_set_only_arc_conditioned_pools,24,25,90,1447200,v2_two_edge,6,22,386,29,179,6
evaluated_candidate_set_only_arc_conditioned_pools,24,25,90,1447200,v2_two_edge,7,22,441,23,25,7
evaluated_candidate_set_only_arc_conditioned_pools,24,25,90,1447200,v2_two_edge,8,22,547,19,174,8
evaluated_candidate_set_only_arc_conditioned_pools,24,25,90,1447200,v2_two_edge,9,22,641,19,174,8
evaluated_candidate_set_only_arc_conditioned_pools,24,25,90,1447200,v2_two_edge,10,22,766,19,174,8
evaluated_candidate_set_only_arc_conditioned_pools,24,25,90,1447200,v2_two_edge,11,22,899,19,174,8
evaluated_candidate_set_only_arc_conditioned_pools,24,25,90,1447200,v2_two_edge,12,22,1034,19,174,8
evaluated_candidate_set_only_arc_conditioned_pools,24,25,90,1447200,v2_two_edge,13,22,1187,19,174,8
evaluated_candidate_set_only_arc_conditioned_pools,24,25,90,1447200,v2_two_edge,14,22,1352,19,174,8
evaluated_candidate_set_only_arc_conditioned_pools,24,25,90,1447200,v2_two_edge,15,22,1552,19,174,8
evaluated_candidate_set_only_arc_conditioned_pools,24,25,90,1447200,v2_two_edge,16,22,1827,19,174,8
evaluated_candidate_set_only_arc_conditioned_pools,24,25,90,1447200,v2_two_edge,17,22,2227,19,174,8
evaluated_candidate_set_only_arc_conditioned_pools,24,25,90,1447200,v2_two_edge,18,22,2611,19,174,8
evaluated_candidate_set_only_arc_conditioned_pools,24,25,90,1447200,v2_two_edge,19,22,2869,19,174,8
evaluated_candidate_set_only_arc_conditioned_pools,24,25,90,1447200,v2_two_edge,20,22,2973,19,174,8
evaluated_candidate_set_only_arc_conditioned_pools,24,25,90,1447200,v2_two_edge,21,22,2997,19,174,8
evaluated_candidate_set_only_arc_conditioned_pools,24,25,90,1447200,v2_two_edge,22,22,3000,19,174,8
evaluated_candidate_set_only_arc_conditioned_pools,24,50,30,842400,v2_two_edge,1,24,0,,,
evaluated_candidate_set_only_arc_conditioned_pools,24,50,30,842400,v2_two_edge,2,24,0,,,
evaluated_candidate_set_only_arc_conditioned_pools,24,50,30,842400,v2_two_edge,3,24,126,542,553,3
evaluated_candidate_set_only_arc_conditioned_pools,24,50,30,842400,v2_two_edge,4,24,128,323,365,4
evaluated_candidate_set_only_arc_conditioned_pools,24,50,30,842400,v2_two_edge,5,24,160,291,333,5
evaluated_candidate_set_only_arc_conditioned_pools,24,50,30,842400,v2_two_edge,6,24,261,89,139,6
evaluated_candidate_set_only_arc_conditioned_pools,24,50,30,842400,v2_two_edge,7,24,306,30,166,7
evaluated_candidate_set_only_arc_conditioned_pools,24,50,30,842400,v2_two_edge,8,24,380,29,166,8
evaluated_candidate_set_only_arc_conditioned_pools,24,50,30,842400,v2_two_edge,9,24,482,23,40,9
evaluated_candidate_set_only_arc_conditioned_pools,24,50,30,842400,v2_two_edge,10,24,560,23,23,10
evaluated_candidate_set_only_arc_conditioned_pools,24,50,30,842400,v2_two_edge,11,24,643,21,34,11
evaluated_candidate_set_only_arc_conditioned_pools,24,50,30,842400,v2_two_edge,12,24,745,21,32,12
evaluated_candidate_set_only_arc_conditioned_pools,24,50,30,842400,v2_two_edge,13,24,890,20,32,13
evaluated_candidate_set_only_arc_conditioned_pools,24,50,30,842400,v2_two_edge,14,24,1012,20,32,13
evaluated_candidate_set_only_arc_conditioned_pools,24,50,30,842400,v2_two_edge,15,24,1171,20,32,13
evaluated_candidate_set_only_arc_conditioned_pools,24,50,30,842400,v2_two_edge,16,24,1313,20,32,13
evaluated_candidate_set_only_arc_conditioned_pools,24,50,30,842400,v2_two_edge,17,24,1504,20,32,13
evaluated_candidate_set_only_arc_conditioned_pools,24,50,30,842400,v2_two_edge,18,24,1761,20,32,13
evaluated_candidate_set_only_arc_conditioned_pools,24,50,30,842400,v2_two_edge,19,24,2111,20,32,13
evaluated_candidate_set_only_arc_conditioned_pools,24,50,30,842400,v2_two_edge,20,24,2517,20,32,13
evaluated_candidate_set_only_arc_conditioned_pools,24,50,30,842400,v2_two_edge,21,24,2827,20,32,13
evaluated_candidate_set_only_arc_conditioned_pools,24,50,30,842400,v2_two_edge,22,24,2967,20,32,13
evaluated_candidate_set_only_arc_conditioned_pools,24,50,30,842400,v2_two_edge,23,24,2994,20,32,13
evaluated_candidate_set_only_arc_conditioned_pools,24,50,30,842400,v2_two_edge,24,24,3000,20,32,13
evaluated_candidate_set_only_arc_conditioned_pools,24,50,30,1447200,v2_two_edge,1,24,0,,,
evaluated_candidate_set_only_arc_conditioned_pools,24,50,30,1447200,v2_two_edge,2,24,0,,,
evaluated_candidate_set_only_arc_conditioned_pools,24,50,30,1447200,v2_two_edge,3,24,126,534,561,3
evaluated_candidate_set_only_arc_conditioned_pools,24,50,30,1447200,v2_two_edge,4,24,128,316,365,4
evaluated_candidate_set_only_arc_conditioned_pools,24,50,30,1447200,v2_two_edge,5,24,160,284,341,5
evaluated_candidate_set_only_arc_conditioned_pools,24,50,30,1447200,v2_two_edge,6,24,261,89,139,6
evaluated_candidate_set_only_arc_conditioned_pools,24,50,30,1447200,v2_two_edge,7,24,306,30,158,7
evaluated_candidate_set_only_arc_conditioned_pools,24,50,30,1447200,v2_two_edge,8,24,380,29,135,8
evaluated_candidate_set_only_arc_conditioned_pools,24,50,30,1447200,v2_two_edge,9,24,482,19,174,9
evaluated_candidate_set_only_arc_conditioned_pools,24,50,30,1447200,v2_two_edge,10,24,560,19,174,9
evaluated_candidate_set_only_arc_conditioned_pools,24,50,30,1447200,v2_two_edge,11,24,643,19,174,9
evaluated_candidate_set_only_arc_conditioned_pools,24,50,30,1447200,v2_two_edge,12,24,745,19,174,9
evaluated_candidate_set_only_arc_conditioned_pools,24,50,30,1447200,v2_two_edge,13,24,890,19,174,9
evaluated_candidate_set_only_arc_conditioned_pools,24,50,30,1447200,v2_two_edge,14,24,1012,19,174,9
evaluated_candidate_set_only_arc_conditioned_pools,24,50,30,1447200,v2_two_edge,15,24,1171,19,174,9
evaluated_candidate_set_only_arc_conditioned_pools,24,50,30,1447200,v2_two_edge,16,24,1313,19,174,9
evaluated_candidate_set_only_arc_conditioned_pools,24,50,30,1447200,v2_two_edge,17,24,1504,19,174,9
evaluated_candidate_set_only_arc_conditioned_pools,24,50,30,1447200,v2_two_edge,18,24,1761,19,174,9
evaluated_candidate_set_only_arc_conditioned_pools,24,50,30,1447200,v2_two_edge,19,24,2111,19,174,9
evaluated_candidate_set_only_arc_conditioned_pools,24,50,30,1447200,v2_two_edge,20,24,2517,19,174,9
evaluated_candidate_set_only_arc_conditioned_pools,24,50,30,1447200,v2_two_edge,21,24,2827,19,174,9
evaluated_candidate_set_only_arc_conditioned_pools,24,50,30,1447200,v2_two_edge,22,24,2967,19,174,9
evaluated_candidate_set_only_arc_conditioned_pools,24,50,30,1447200,v2_two_edge,23,24,2994,19,174,9
evaluated_candidate_set_only_arc_conditioned_pools,24,50,30,1447200,v2_two_edge,24,24,3000,19,174,9
evaluated_candidate_set_only_arc_conditioned_pools,24,50,60,842400,v2_two_edge,1,20,0,,,
evaluated_candidate_set_only_arc_conditioned_pools,24,50,60,842400,v2_two_edge,2,20,126,542,553,2
evaluated_candidate_set_only_arc_conditioned_pools,24,50,60,842400,v2_two_edge,3,20,141,113,174,3
evaluated_candidate_set_only_arc_conditioned_pools,24,50,60,842400,v2_two_edge,4,20,261,88,151,4
evaluated_candidate_set_only_arc_conditioned_pools,24,50,60,842400,v2_two_edge,5,20,331,30,135,5
evaluated_candidate_set_only_arc_conditioned_pools,24,50,60,842400,v2_two_edge,6,20,461,23,23,6
evaluated_candidate_set_only_arc_conditioned_pools,24,50,60,842400,v2_two_edge,7,20,564,23,23,6
evaluated_candidate_set_only_arc_conditioned_pools,24,50,60,842400,v2_two_edge,8,20,698,21,32,8
evaluated_candidate_set_only_arc_conditioned_pools,24,50,60,842400,v2_two_edge,9,20,842,20,32,9
evaluated_candidate_set_only_arc_conditioned_pools,24,50,60,842400,v2_two_edge,10,20,990,20,32,9
evaluated_candidate_set_only_arc_conditioned_pools,24,50,60,842400,v2_two_edge,11,20,1132,20,32,9
evaluated_candidate_set_only_arc_conditioned_pools,24,50,60,842400,v2_two_edge,12,20,1287,20,32,9
evaluated_candidate_set_only_arc_conditioned_pools,24,50,60,842400,v2_two_edge,13,20,1474,20,32,9
evaluated_candidate_set_only_arc_conditioned_pools,24,50,60,842400,v2_two_edge,14,20,1740,20,32,9
evaluated_candidate_set_only_arc_conditioned_pools,24,50,60,842400,v2_two_edge,15,20,2140,20,32,9
evaluated_candidate_set_only_arc_conditioned_pools,24,50,60,842400,v2_two_edge,16,20,2634,20,32,9
evaluated_candidate_set_only_arc_conditioned_pools,24,50,60,842400,v2_two_edge,17,20,2891,20,32,9
evaluated_candidate_set_only_arc_conditioned_pools,24,50,60,842400,v2_two_edge,18,20,2981,20,32,9
evaluated_candidate_set_only_arc_conditioned_pools,24,50,60,842400,v2_two_edge,19,20,2999,20,32,9
evaluated_candidate_set_only_arc_conditioned_pools,24,50,60,842400,v2_two_edge,20,20,3000,20,32,9
evaluated_candidate_set_only_arc_conditioned_pools,24,50,60,1447200,v2_two_edge,1,20,0,,,
evaluated_candidate_set_only_arc_conditioned_pools,24,50,60,1447200,v2_two_edge,2,20,126,534,561,2
evaluated_candidate_set_only_arc_conditioned_pools,24,50,60,1447200,v2_two_edge,3,20,141,112,164,3
evaluated_candidate_set_only_arc_conditioned_pools,24,50,60,1447200,v2_two_edge,4,20,261,88,163,4
evaluated_candidate_set_only_arc_conditioned_pools,24,50,60,1447200,v2_two_edge,5,20,331,29,179,5
evaluated_candidate_set_only_arc_conditioned_pools,24,50,60,1447200,v2_two_edge,6,20,461,23,24,6
evaluated_candidate_set_only_arc_conditioned_pools,24,50,60,1447200,v2_two_edge,7,20,564,19,174,7
evaluated_candidate_set_only_arc_conditioned_pools,24,50,60,1447200,v2_two_edge,8,20,698,19,174,7
evaluated_candidate_set_only_arc_conditioned_pools,24,50,60,1447200,v2_two_edge,9,20,842,19,174,7
evaluated_candidate_set_only_arc_conditioned_pools,24,50,60,1447200,v2_two_edge,10,20,990,19,174,7
evaluated_candidate_set_only_arc_conditioned_pools,24,50,60,1447200,v2_two_edge,11,20,1132,19,174,7
evaluated_candidate_set_only_arc_conditioned_pools,24,50,60,1447200,v2_two_edge,12,20,1287,19,174,7
evaluated_candidate_set_only_arc_conditioned_pools,24,50,60,1447200,v2_two_edge,13,20,1474,19,174,7
evaluated_candidate_set_only_arc_conditioned_pools,24,50,60,1447200,v2_two_edge,14,20,1740,19,174,7
evaluated_candidate_set_only_arc_conditioned_pools,24,50,60,1447200,v2_two_edge,15,20,2140,19,174,7
evaluated_candidate_set_only_arc_conditioned_pools,24,50,60,1447200,v2_two_edge,16,20,2634,19,174,7
evaluated_candidate_set_only_arc_conditioned_pools,24,50,60,1447200,v2_two_edge,17,20,2891,19,174,7
evaluated_candidate_set_only_arc_conditioned_pools,24,50,60,1447200,v2_two_edge,18,20,2981,19,174,7
evaluated_candidate_set_only_arc_conditioned_pools,24,50,60,1447200,v2_two_edge,19,20,2999,19,174,7
evaluated_candidate_set_only_arc_conditioned_pools,24,50,60,1447200,v2_two_edge,20,20,3000,19,174,7
evaluated_candidate_set_only_arc_conditioned_pools,24,50,90,842400,v2_two_edge,1,16,121,542,553,1
evaluated_candidate_set_only_arc_conditioned_pools,24,50,90,842400,v2_two_edge,2,16,248,285,341,2
evaluated_candidate_set_only_arc_conditioned_pools,24,50,90,842400,v2_two_edge,3,16,377,85,139,3
evaluated_candidate_set_only_arc_conditioned_pools,24,50,90,842400,v2_two_edge,4,16,504,28,159,4
evaluated_candidate_set_only_arc_conditioned_pools,24,50,90,842400,v2_two_edge,5,16,628,28,159,4
evaluated_candidate_set_only_arc_conditioned_pools,24,50,90,842400,v2_two_edge,6,16,756,23,23,6
evaluated_candidate_set_only_arc_conditioned_pools,24,50,90,842400,v2_two_edge,7,16,882,23,23,6
evaluated_candidate_set_only_arc_conditioned_pools,24,50,90,842400,v2_two_edge,8,16,1008,20,32,8
evaluated_candidate_set_only_arc_conditioned_pools,24,50,90,842400,v2_two_edge,9,16,1134,20,32,8
evaluated_candidate_set_only_arc_conditioned_pools,24,50,90,842400,v2_two_edge,10,16,1267,20,32,8
evaluated_candidate_set_only_arc_conditioned_pools,24,50,90,842400,v2_two_edge,11,16,1488,20,32,8
evaluated_candidate_set_only_arc_conditioned_pools,24,50,90,842400,v2_two_edge,12,16,2112,20,32,8
evaluated_candidate_set_only_arc_conditioned_pools,24,50,90,842400,v2_two_edge,13,16,2773,20,32,8
evaluated_candidate_set_only_arc_conditioned_pools,24,50,90,842400,v2_two_edge,14,16,2976,20,32,8
evaluated_candidate_set_only_arc_conditioned_pools,24,50,90,842400,v2_two_edge,15,16,2999,20,32,8
evaluated_candidate_set_only_arc_conditioned_pools,24,50,90,842400,v2_two_edge,16,16,3000,20,32,8
evaluated_candidate_set_only_arc_conditioned_pools,24,50,90,1447200,v2_two_edge,1,16,121,534,561,1
evaluated_candidate_set_only_arc_conditioned_pools,24,50,90,1447200,v2_two_edge,2,16,248,283,325,2
evaluated_candidate_set_only_arc_conditioned_pools,24,50,90,1447200,v2_two_edge,3,16,377,77,139,3
evaluated_candidate_set_only_arc_conditioned_pools,24,50,90,1447200,v2_two_edge,4,16,504,19,174,4
evaluated_candidate_set_only_arc_conditioned_pools,24,50,90,1447200,v2_two_edge,5,16,628,19,174,4
evaluated_candidate_set_only_arc_conditioned_pools,24,50,90,1447200,v2_two_edge,6,16,756,19,174,4
evaluated_candidate_set_only_arc_conditioned_pools,24,50,90,1447200,v2_two_edge,7,16,882,19,174,4
evaluated_candidate_set_only_arc_conditioned_pools,24,50,90,1447200,v2_two_edge,8,16,1008,19,174,4
evaluated_candidate_set_only_arc_conditioned_pools,24,50,90,1447200,v2_two_edge,9,16,1134,19,174,4
evaluated_candidate_set_only_arc_conditioned_pools,24,50,90,1447200,v2_two_edge,10,16,1267,19,174,4
evaluated_candidate_set_only_arc_conditioned_pools,24,50,90,1447200,v2_two_edge,11,16,1488,19,174,4
evaluated_candidate_set_only_arc_conditioned_pools,24,50,90,1447200,v2_two_edge,12,16,2112,19,174,4
evaluated_candidate_set_only_arc_conditioned_pools,24,50,90,1447200,v2_two_edge,13,16,2773,19,174,4
evaluated_candidate_set_only_arc_conditioned_pools,24,50,90,1447200,v2_two_edge,14,16,2976,19,174,4
evaluated_candidate_set_only_arc_conditioned_pools,24,50,90,1447200,v2_two_edge,15,16,2999,19,174,4
evaluated_candidate_set_only_arc_conditioned_pools,24,50,90,1447200,v2_two_edge,16,16,3000,19,174,4
evaluated_candidate_set_only_arc_conditioned_pools,24,75,30,842400,v2_two_edge,1,24,0,,,
evaluated_candidate_set_only_arc_conditioned_pools,24,75,30,842400,v2_two_edge,2,24,2,594,650,2
evaluated_candidate_set_only_arc_conditioned_pools,24,75,30,842400,v2_two_edge,3,24,126,542,553,3
evaluated_candidate_set_only_arc_conditioned_pools,24,75,30,842400,v2_two_edge,4,24,135,291,333,4
evaluated_candidate_set_only_arc_conditioned_pools,24,75,30,842400,v2_two_edge,5,24,183,291,325,5
evaluated_candidate_set_only_arc_conditioned_pools,24,75,30,842400,v2_two_edge,6,24,277,88,151,6
evaluated_candidate_set_only_arc_conditioned_pools,24,75,30,842400,v2_two_edge,7,24,344,29,166,7
evaluated_candidate_set_only_arc_conditioned_pools,24,75,30,842400,v2_two_edge,8,24,425,29,166,7
evaluated_candidate_set_only_arc_conditioned_pools,24,75,30,842400,v2_two_edge,9,24,519,23,39,9
evaluated_candidate_set_only_arc_conditioned_pools,24,75,30,842400,v2_two_edge,10,24,604,21,34,10
evaluated_candidate_set_only_arc_conditioned_pools,24,75,30,842400,v2_two_edge,11,24,693,21,34,10
evaluated_candidate_set_only_arc_conditioned_pools,24,75,30,842400,v2_two_edge,12,24,807,21,32,12
evaluated_candidate_set_only_arc_conditioned_pools,24,75,30,842400,v2_two_edge,13,24,952,20,32,13
evaluated_candidate_set_only_arc_conditioned_pools,24,75,30,842400,v2_two_edge,14,24,1094,20,32,13
evaluated_candidate_set_only_arc_conditioned_pools,24,75,30,842400,v2_two_edge,15,24,1241,20,32,13
evaluated_candidate_set_only_arc_conditioned_pools,24,75,30,842400,v2_two_edge,16,24,1401,20,32,13
evaluated_candidate_set_only_arc_conditioned_pools,24,75,30,842400,v2_two_edge,17,24,1609,20,32,13
evaluated_candidate_set_only_arc_conditioned_pools,24,75,30,842400,v2_two_edge,18,24,1898,20,32,13
evaluated_candidate_set_only_arc_conditioned_pools,24,75,30,842400,v2_two_edge,19,24,2282,20,32,13
evaluated_candidate_set_only_arc_conditioned_pools,24,75,30,842400,v2_two_edge,20,24,2653,20,32,13
evaluated_candidate_set_only_arc_conditioned_pools,24,75,30,842400,v2_two_edge,21,24,2902,20,32,13
evaluated_candidate_set_only_arc_conditioned_pools,24,75,30,842400,v2_two_edge,22,24,2987,20,32,13
evaluated_candidate_set_only_arc_conditioned_pools,24,75,30,842400,v2_two_edge,23,24,2997,20,32,13
evaluated_candidate_set_only_arc_conditioned_pools,24,75,30,842400,v2_two_edge,24,24,3000,20,32,13
evaluated_candidate_set_only_arc_conditioned_pools,24,75,30,1447200,v2_two_edge,1,24,0,,,
evaluated_candidate_set_only_arc_conditioned_pools,24,75,30,1447200,v2_two_edge,2,24,2,570,613,2
evaluated_candidate_set_only_arc_conditioned_pools,24,75,30,1447200,v2_two_edge,3,24,126,534,561,3
evaluated_candidate_set_only_arc_conditioned_pools,24,75,30,1447200,v2_two_edge,4,24,135,284,341,4
evaluated_candidate_set_only_arc_conditioned_pools,24,75,30,1447200,v2_two_edge,5,24,183,284,341,4
evaluated_candidate_set_only_arc_conditioned_pools,24,75,30,1447200,v2_two_edge,6,24,277,77,139,6
evaluated_candidate_set_only_arc_conditioned_pools,24,75,30,1447200,v2_two_edge,7,24,344,30,151,7
evaluated_candidate_set_only_arc_conditioned_pools,24,75,30,1447200,v2_two_edge,8,24,425,19,174,8
evaluated_candidate_set_only_arc_conditioned_pools,24,75,30,1447200,v2_two_edge,9,24,519,19,174,8
evaluated_candidate_set_only_arc_conditioned_pools,24,75,30,1447200,v2_two_edge,10,24,604,19,174,8
evaluated_candidate_set_only_arc_conditioned_pools,24,75,30,1447200,v2_two_edge,11,24,693,19,174,8
evaluated_candidate_set_only_arc_conditioned_pools,24,75,30,1447200,v2_two_edge,12,24,807,19,174,8
evaluated_candidate_set_only_arc_conditioned_pools,24,75,30,1447200,v2_two_edge,13,24,952,19,174,8
evaluated_candidate_set_only_arc_conditioned_pools,24,75,30,1447200,v2_two_edge,14,24,1094,19,174,8
evaluated_candidate_set_only_arc_conditioned_pools,24,75,30,1447200,v2_two_edge,15,24,1241,19,174,8
evaluated_candidate_set_only_arc_conditioned_pools,24,75,30,1447200,v2_two_edge,16,24,1401,19,174,8
evaluated_candidate_set_only_arc_conditioned_pools,24,75,30,1447200,v2_two_edge,17,24,1609,19,174,8
evaluated_candidate_set_only_arc_conditioned_pools,24,75,30,1447200,v2_two_edge,18,24,1898,19,174,8
evaluated_candidate_set_only_arc_conditioned_pools,24,75,30,1447200,v2_two_edge,19,24,2282,19,174,8
evaluated_candidate_set_only_arc_conditioned_pools,24,75,30,1447200,v2_two_edge,20,24,2653,19,174,8
evaluated_candidate_set_only_arc_conditioned_pools,24,75,30,1447200,v2_two_edge,21,24,2902,19,174,8
evaluated_candidate_set_only_arc_conditioned_pools,24,75,30,1447200,v2_two_edge,22,24,2987,19,174,8
evaluated_candidate_set_only_arc_conditioned_pools,24,75,30,1447200,v2_two_edge,23,24,2997,19,174,8
evaluated_candidate_set_only_arc_conditioned_pools,24,75,30,1447200,v2_two_edge,24,24,3000,19,174,8
evaluated_candidate_set_only_arc_conditioned_pools,24,75,60,842400,v2_two_edge,1,19,0,,,
evaluated_candidate_set_only_arc_conditioned_pools,24,75,60,842400,v2_two_edge,2,19,127,331,349,2
evaluated_candidate_set_only_arc_conditioned_pools,24,75,60,842400,v2_two_edge,3,19,153,112,175,3
evaluated_candidate_set_only_arc_conditioned_pools,24,75,60,842400,v2_two_edge,4,19,278,30,162,4
evaluated_candidate_set_only_arc_conditioned_pools,24,75,60,842400,v2_two_edge,5,19,376,29,163,5
evaluated_candidate_set_only_arc_conditioned_pools,24,75,60,842400,v2_two_edge,6,19,516,23,23,6
evaluated_candidate_set_only_arc_conditioned_pools,24,75,60,842400,v2_two_edge,7,19,637,23,23,6
evaluated_candidate_set_only_arc_conditioned_pools,24,75,60,842400,v2_two_edge,8,19,784,21,32,8
evaluated_candidate_set_only_arc_conditioned_pools,24,75,60,842400,v2_two_edge,9,19,933,20,32,9
evaluated_candidate_set_only_arc_conditioned_pools,24,75,60,842400,v2_two_edge,10,19,1078,20,32,9
evaluated_candidate_set_only_arc_conditioned_pools,24,75,60,842400,v2_two_edge,11,19,1224,20,32,9
evaluated_candidate_set_only_arc_conditioned_pools,24,75,60,842400,v2_two_edge,12,19,1370,20,32,9
evaluated_candidate_set_only_arc_conditioned_pools,24,75,60,842400,v2_two_edge,13,19,1595,20,32,9
evaluated_candidate_set_only_arc_conditioned_pools,24,75,60,842400,v2_two_edge,14,19,1970,20,32,9
evaluated_candidate_set_only_arc_conditioned_pools,24,75,60,842400,v2_two_edge,15,19,2485,20,32,9
evaluated_candidate_set_only_arc_conditioned_pools,24,75,60,842400,v2_two_edge,16,19,2849,20,32,9
evaluated_candidate_set_only_arc_conditioned_pools,24,75,60,842400,v2_two_edge,17,19,2977,20,32,9
evaluated_candidate_set_only_arc_conditioned_pools,24,75,60,842400,v2_two_edge,18,19,2999,20,32,9
evaluated_candidate_set_only_arc_conditioned_pools,24,75,60,842400,v2_two_edge,19,19,3000,20,32,9
evaluated_candidate_set_only_arc_conditioned_pools,24,75,60,1447200,v2_two_edge,1,19,0,,,
evaluated_candidate_set_only_arc_conditioned_pools,24,75,60,1447200,v2_two_edge,2,19,127,331,356,2
evaluated_candidate_set_only_arc_conditioned_pools,24,75,60,1447200,v2_two_edge,3,19,153,112,164,3
evaluated_candidate_set_only_arc_conditioned_pools,24,75,60,1447200,v2_two_edge,4,19,278,30,148,4
evaluated_candidate_set_only_arc_conditioned_pools,24,75,60,1447200,v2_two_edge,5,19,376,29,135,5
evaluated_candidate_set_only_arc_conditioned_pools,24,75,60,1447200,v2_two_edge,6,19,516,19,174,6
evaluated_candidate_set_only_arc_conditioned_pools,24,75,60,1447200,v2_two_edge,7,19,637,19,174,6
evaluated_candidate_set_only_arc_conditioned_pools,24,75,60,1447200,v2_two_edge,8,19,784,19,174,6
evaluated_candidate_set_only_arc_conditioned_pools,24,75,60,1447200,v2_two_edge,9,19,933,19,174,6
evaluated_candidate_set_only_arc_conditioned_pools,24,75,60,1447200,v2_two_edge,10,19,1078,19,174,6
evaluated_candidate_set_only_arc_conditioned_pools,24,75,60,1447200,v2_two_edge,11,19,1224,19,174,6
evaluated_candidate_set_only_arc_conditioned_pools,24,75,60,1447200,v2_two_edge,12,19,1370,19,174,6
evaluated_candidate_set_only_arc_conditioned_pools,24,75,60,1447200,v2_two_edge,13,19,1595,19,174,6
evaluated_candidate_set_only_arc_conditioned_pools,24,75,60,1447200,v2_two_edge,14,19,1970,19,174,6
evaluated_candidate_set_only_arc_conditioned_pools,24,75,60,1447200,v2_two_edge,15,19,2485,19,174,6
evaluated_candidate_set_only_arc_conditioned_pools,24,75,60,1447200,v2_two_edge,16,19,2849,19,174,6
evaluated_candidate_set_only_arc_conditioned_pools,24,75,60,1447200,v2_two_edge,17,19,2977,19,174,6
evaluated_candidate_set_only_arc_conditioned_pools,24,75,60,1447200,v2_two_edge,18,19,2999,19,174,6
evaluated_candidate_set_only_arc_conditioned_pools,24,75,60,1447200,v2_two_edge,19,19,3000,19,174,6
evaluated_candidate_set_only_arc_conditioned_pools,24,75,90,842400,v2_two_edge,1,14,126,542,553,1
evaluated_candidate_set_only_arc_conditioned_pools,24,75,90,842400,v2_two_edge,2,14,252,285,341,2
evaluated_candidate_set_only_arc_conditioned_pools,24,75,90,842400,v2_two_edge,3,14,378,85,139,3
evaluated_candidate_set_only_arc_conditioned_pools,24,75,90,842400,v2_two_edge,4,14,504,28,159,4
evaluated_candidate_set_only_arc_conditioned_pools,24,75,90,842400,v2_two_edge,5,14,630,28,159,4
evaluated_candidate_set_only_arc_conditioned_pools,24,75,90,842400,v2_two_edge,6,14,756,23,23,6
evaluated_candidate_set_only_arc_conditioned_pools,24,75,90,842400,v2_two_edge,7,14,882,23,23,6
evaluated_candidate_set_only_arc_conditioned_pools,24,75,90,842400,v2_two_edge,8,14,1008,20,32,8
evaluated_candidate_set_only_arc_conditioned_pools,24,75,90,842400,v2_two_edge,9,14,1136,20,32,8
evaluated_candidate_set_only_arc_conditioned_pools,24,75,90,842400,v2_two_edge,10,14,1308,20,32,8
evaluated_candidate_set_only_arc_conditioned_pools,24,75,90,842400,v2_two_edge,11,14,1806,20,32,8
evaluated_candidate_set_only_arc_conditioned_pools,24,75,90,842400,v2_two_edge,12,14,2651,20,32,8
evaluated_candidate_set_only_arc_conditioned_pools,24,75,90,842400,v2_two_edge,13,14,2974,20,32,8
evaluated_candidate_set_only_arc_conditioned_pools,24,75,90,842400,v2_two_edge,14,14,3000,20,32,8
evaluated_candidate_set_only_arc_conditioned_pools,24,75,90,1447200,v2_two_edge,1,14,126,534,561,1
evaluated_candidate_set_only_arc_conditioned_pools,24,75,90,1447200,v2_two_edge,2,14,252,283,325,2
evaluated_candidate_set_only_arc_conditioned_pools,24,75,90,1447200,v2_two_edge,3,14,378,77,139,3
evaluated_candidate_set_only_arc_conditioned_pools,24,75,90,1447200,v2_two_edge,4,14,504,19,174,4
evaluated_candidate_set_only_arc_conditioned_pools,24,75,90,1447200,v2_two_edge,5,14,630,19,174,4
evaluated_candidate_set_only_arc_conditioned_pools,24,75,90,1447200,v2_two_edge,6,14,756,19,174,4
evaluated_candidate_set_only_arc_conditioned_pools,24,75,90,1447200,v2_two_edge,7,14,882,19,174,4
evaluated_candidate_set_only_arc_conditioned_pools,24,75,90,1447200,v2_two_edge,8,14,1008,19,174,4
evaluated_candidate_set_only_arc_conditioned_pools,24,75,90,1447200,v2_two_edge,9,14,1136,19,174,4
evaluated_candidate_set_only_arc_conditioned_pools,24,75,90,1447200,v2_two_edge,10,14,1308,19,174,4
evaluated_candidate_set_only_arc_conditioned_pools,24,75,90,1447200,v2_two_edge,11,14,1806,19,174,4
evaluated_candidate_set_only_arc_conditioned_pools,24,75,90,1447200,v2_two_edge,12,14,2651,19,174,4
evaluated_candidate_set_only_arc_conditioned_pools,24,75,90,1447200,v2_two_edge,13,14,2974,19,174,4
evaluated_candidate_set_only_arc_conditioned_pools,24,75,90,1447200,v2_two_edge,14,14,3000,19,174,4
