arc_model,baseline_set,N,budget_mps,horizon_days,baseline,candidate_count,overestimation_count,overestimation_rate,underestimation_count,underestimation_rate,excess_0_count,excess_1_count,excess_2_count,excess_ge3_count,max_excess,min_excess
v2_two_edge,v2_repaired,8,25,30,EQUAL_SECTOR,2000,427,0.2135,0,0,1573,406,21,0,2,0
v2_two_edge,v2_repaired,8,25,30,GAP_CUT,2000,0,0,0,0,2000,0,0,0,0,0
v2_two_edge,v2_repaired,8,25,30,LINEAR_MIN,2000,4,0.002,0,0,1996,4,0,0,1,0
v2_two_edge,v2_repaired,8,25,30,SPAN_CEIL_CAPPED,2000,793,0.39650000000000002,0,0,1207,674,110,9,3,0
v2_two_edge,v2_repaired,8,25,60,EQUAL_SECTOR,2000,706,0.35299999999999998,0,0,1294,599,103,4,3,0
v2_two_edge,v2_repaired,8,25,60,GAP_CUT,2000,0,0,0,0,2000,0,0,0,0,0
v2_two_edge,v2_repaired,8,25,60,LINEAR_MIN,2000,9,0.0044999999999999997,0,0,1991,9,0,0,1,0
v2_two_edge,v2_repaired,8,25,60,SPAN_CEIL_CAPPED,2000,1266,0.63300000000000001,0,0,734,848,351,67,4,0
v2_two_edge,v2_repaired,8,25,90,EQUAL_SECTOR,2000,955,0.47749999999999998,0,0,1045,779,166,10,3,0
v2_two_edge,v2_repaired,8,25,90,GAP_CUT,2000,0,0,0,0,2000,0,0,0,0,0
v2_two_edge,v2_repaired,8,25,90,LINEAR_MIN,2000,25,0.012500000000000001,0,0,1975,25,0,0,1,0
v2_two_edge,v2_repaired,8,25,90,SPAN_CEIL_CAPPED,2000,1576,0.78800000000000003,0,0,424,823,590,163,4,0
v2_two_edge,v2_repaired,8,50,30,EQUAL_SECTOR,2000,706,0.35299999999999998,0,0,1294,599,103,4,3,0
v2_two_edge,v2_repaired,8,50,30,GAP_CUT,2000,0,0,0,0,2000,0,0,0,0,0
v2_two_edge,v2_repaired,8,50,30,LINEAR_MIN,2000,9,0.0044999999999999997,0,0,1991,9,0,0,1,0
v2_two_edge,v2_repaired,8,50,30,SPAN_CEIL_CAPPED,2000,1266,0.63300000000000001,0,0,734,848,351,67,4,0
v2_two_edge,v2_repaired,8,50,60,EQUAL_SECTOR,2000,1133,0.5665,0,0,867,903,211,19,4,0
v2_two_edge,v2_repaired,8,50,60,GAP_CUT,2000,0,0,0,0,2000,0,0,0,0,0
v2_two_edge,v2_repaired,8,50,60,LINEAR_MIN,2000,52,0.025999999999999999,0,0,1948,52,0,0,1,0
v2_two_edge,v2_repaired,8,50,60,SPAN_CEIL_CAPPED,2000,1776,0.88800000000000001,0,0,224,670,771,335,5,0
v2_two_edge,v2_repaired,8,50,90,EQUAL_SECTOR,2000,1407,0.70350000000000001,0,0,593,972,387,48,3,0
v2_two_edge,v2_repaired,8,50,90,GAP_CUT,2000,0,0,0,0,2000,0,0,0,0,0
v2_two_edge,v2_repaired,8,50,90,LINEAR_MIN,2000,83,0.041500000000000002,0,0,1917,83,0,0,1,0
v2_two_edge,v2_repaired,8,50,90,SPAN_CEIL_CAPPED,2000,1954,0.97699999999999998,0,0,46,373,808,773,5,0
v2_two_edge,v2_repaired,8,75,30,EQUAL_SECTOR,2000,742,0.371,0,0,1258,629,107,6,3,0
v2_two_edge,v2_repaired,8,75,30,GAP_CUT,2000,0,0,0,0,2000,0,0,0,0,0
v2_two_edge,v2_repaired,8,75,30,LINEAR_MIN,2000,9,0.0044999999999999997,0,0,1991,9,0,0,1,0
v2_two_edge,v2_repaired,8,75,30,SPAN_CEIL_CAPPED,2000,1333,0.66649999999999998,0,0,667,859,395,79,4,0
v2_two_edge,v2_repaired,8,75,60,EQUAL_SECTOR,2000,1185,0.59250000000000003,0,0,815,863,292,30,3,0
v2_two_edge,v2_repaired,8,75,60,GAP_CUT,2000,0,0,0,0,2000,0,0,0,0,0
v2_two_edge,v2_repaired,8,75,60,LINEAR_MIN,2000,59,0.029499999999999998,0,0,1941,59,0,0,1,0
v2_two_edge,v2_repaired,8,75,60,SPAN_CEIL_CAPPED,2000,1829,0.91449999999999998,0,0,171,634,778,417,5,0
v2_two_edge,v2_repaired,8,75,90,EQUAL_SECTOR,2000,1397,0.69850000000000001,0,0,603,967,377,53,4,0
v2_two_edge,v2_repaired,8,75,90,GAP_CUT,2000,0,0,0,0,2000,0,0,0,0,0
v2_two_edge,v2_repaired,8,75,90,LINEAR_MIN,2000,93,0.0465,0,0,1907,93,0,0,1,0
v2_two_edge,v2_repaired,8,75,90,SPAN_CEIL_CAPPED,2000,1972,0.98599999999999999,0,0,28,297,800,875,5,0
v2_two_edge,v2_repaired,12,25,30,EQUAL_SECTOR,2000,848,0.42399999999999999,0,0,1152,701,140,7,3,0
v2_two_edge,v2_repaired,12,25,30,GAP_CUT,2000,0,0,0,0,2000,0,0,0,0,0
v2_two_edge,v2_repaired,12,25,30,LINEAR_MIN,2000,7,0.0035000000000000001,0,0,1993,7,0,0,1,0
v2_two_edge,v2_repaired,12,25,30,SPAN_CEIL_CAPPED,2000,1427,0.71350000000000002,0,0,573,871,440,116,5,0
v2_two_edge,v2_repaired,12,25,60,EQUAL_SECTOR,2000,1257,0.62849999999999995,0,0,743,843,352,62,4,0
v2_two_edge,v2_repaired,12,25,60,GAP_CUT,2000,0,0,0,0,2000,0,0,0,0,0
v2_two_edge,v2_repaired,12,25,60,LINEAR_MIN,2000,29,0.014500000000000001,0,0,1971,29,0,0,1,0
v2_two_edge,v2_repaired,12,25,60,SPAN_CEIL_CAPPED,2000,1859,0.92949999999999999,0,0,141,541,747,571,6,0
v2_two_edge,v2_repaired,12,25,90,EQUAL_SECTOR,2000,1480,0.73999999999999999,0,0,520,849,491,140,4,0
v2_two_edge,v2_repaired,12,25,90,GAP_CUT,2000,0,0,0,0,2000,0,0,0,0,0
v2_two_edge,v2_repaired,12,25,90,LINEAR_MIN,2000,55,0.0275,0,0,1945,55,0,0,1,0
v2_two_edge,v2_repaired,12,25,90,SPAN_CEIL_CAPPED,2000,1968,0.98399999999999999,0,0,32,205,637,1126,6,0
v2_two_edge,v2_repaired,12,50,30,EQUAL_SECTOR,2000,1257,0.62849999999999995,0,0,743,843,352,62,4,0
v2_two_edge,v2_repaired,12,50,30,GAP_CUT,2000,0,0,0,0,2000,0,0,0,0,0
v2_two_edge,v2_repaired,12,50,30,LINEAR_MIN,2000,29,0.014500000000000001,0,0,1971,29,0,0,1,0
v2_two_edge,v2_repaired,12,50,30,SPAN_CEIL_CAPPED,2000,1859,0.92949999999999999,0,0,141,541,747,571,6,0
v2_two_edge,v2_repaired,12,50,60,EQUAL_SECTOR,2000,1624,0.81200000000000006,0,0,376,811,602,211,4,0
v2_two_edge,v2_repaired,12,50,60,GAP_CUT,2000,0,0,0,0,2000,0,0,0,0,0
v2_two_edge,v2_repaired,12,50,60,LINEAR_MIN,2000,88,0.043999999999999997,0,0,1912,88,0,0,1,0
v2_two_edge,v2_repaired,12,50,60,SPAN_CEIL_CAPPED,2000,1996,0.998,0,0,4,59,362,1575,7,0
v2_two_edge,v2_repaired,12,50,90,EQUAL_SECTOR,2000,1791,0.89549999999999996,0,0,209,681,732,378,5,0
v2_two_edge,v2_repaired,12,50,90,GAP_CUT,2000,0,0,0,0,2000,0,0,0,0,0
v2_two_edge,v2_repaired,12,50,90,LINEAR_MIN,2000,151,0.075499999999999998,0,0,1849,151,0,0,1,0
v2_two_edge,v2_repaired,12,50,90,SPAN_CEIL_CAPPED,2000,2000,1,0,0,0,4,47,1949,8,1
v2_two_edge,v2_repaired,12,75,30,EQUAL_SECTOR,2000,1300,0.65000000000000002,0,0,700,841,372,87,4,0
v2_two_edge,v2_repaired,12,75,30,GAP_CUT,2000,0,0,0,0,2000,0,0,0,0,0
v2_two_edge,v2_repaired,12,75,30,LINEAR_MIN,2000,29,0.014500000000000001,0,0,1971,29,0,0,1,0
v2_two_edge,v2_repaired,12,75,30,SPAN_CEIL_CAPPED,2000,1893,0.94650000000000001,0,0,107,459,766,668,6,0
v2_two_edge,v2_repaired,12,75,60,EQUAL_SECTOR,2000,1658,0.82899999999999996,0,0,342,781,604,273,5,0
v2_two_edge,v2_repaired,12,75,60,GAP_CUT,2000,0,0,0,0,2000,0,0,0,0,0
v2_two_edge,v2_repaired,12,75,60,LINEAR_MIN,2000,99,0.049500000000000002,0,0,1901,99,0,0,1,0
v2_two_edge,v2_repaired,12,75,60,SPAN_CEIL_CAPPED,2000,1998,0.999,0,0,2,38,260,1700,7,0
v2_two_edge,v2_repaired,12,75,90,EQUAL_SECTOR,2000,1788,0.89400000000000002,0,0,212,672,744,372,5,0
v2_two_edge,v2_repaired,12,75,90,GAP_CUT,2000,0,0,0,0,2000,0,0,0,0,0
v2_two_edge,v2_repaired,12,75,90,LINEAR_MIN,2000,176,0.087999999999999995,0,0,1824,176,0,0,1,0
v2_two_edge,v2_repaired,12,75,90,SPAN_CEIL_CAPPED,2000,2000,1,0,0,0,1,26,1973,8,1
v2_two_edge,v2_repaired,16,25,30,EQUAL_SECTOR,2000,1239,0.61950000000000005,0,0,761,812,346,81,4,0
v2_two_edge,v2_repaired,16,25,30,GAP_CUT,2000,0,0,0,0,2000,0,0,0,0,0
v2_two_edge,v2_repaired,16,25,30,LINEAR_MIN,2000,15,0.0074999999999999997,0,0,1985,15,0,0,1,0
v2_two_edge,v2_repaired,16,25,30,SPAN_CEIL_CAPPED,2000,1759,0.87949999999999995,0,0,241,564,651,544,6,0
v2_two_edge,v2_repaired,16,25,60,EQUAL_SECTOR,2000,1634,0.81699999999999995,0,0,366,745,603,286,5,0
v2_two_edge,v2_repaired,16,25,60,GAP_CUT,2000,0,0,0,0,2000,0,0,0,0,0
v2_two_edge,v2_repaired,16,25,60,LINEAR_MIN,2000,54,0.027,0,0,1946,54,0,0,1,0
v2_two_edge,v2_repaired,16,25,60,SPAN_CEIL_CAPPED,2000,1985,0.99250000000000005,0,0,15,120,395,1470,7,0
v2_two_edge,v2_repaired,16,25,90,EQUAL_SECTOR,2000,1778,0.88900000000000001,0,0,222,618,659,501,6,0
v2_two_edge,v2_repaired,16,25,90,GAP_CUT,2000,0,0,0,0,2000,0,0,0,0,0
v2_two_edge,v2_repaired,16,25,90,LINEAR_MIN,2000,94,0.047,0,0,1906,94,0,0,1,0
v2_two_edge,v2_repaired,16,25,90,SPAN_CEIL_CAPPED,2000,2000,1,0,0,0,18,80,1902,8,1
v2_two_edge,v2_repaired,16,50,30,EQUAL_SECTOR,2000,1634,0.81699999999999995,0,0,366,744,604,286,5,0
v2_two_edge,v2_repaired,16,50,30,GAP_CUT,2000,0,0,0,0,2000,0,0,0,0,0
v2_two_edge,v2_repaired,16,50,30,LINEAR_MIN,2000,54,0.027,0,0,1946,54,0,0,1,0
v2_two_edge,v2_repaired,16,50,30,SPAN_CEIL_CAPPED,2000,1985,0.99250000000000005,0,0,15,120,394,1471,7,0
v2_two_edge,v2_repaired,16,50,60,EQUAL_SECTOR,2000,1848,0.92400000000000004,0,0,152,537,699,612,6,0
v2_two_edge,v2_repaired,16,50,60,GAP_CUT,2000,0,0,0,0,2000,0,0,0,0,0
v2_two_edge,v2_repaired,16,50,60,LINEAR_MIN,2000,136,0.068000000000000005,0,0,1864,136,0,0,1,0
v2_two_edge,v2_repaired,16,50,60,SPAN_CEIL_CAPPED,2000,2000,1,0,0,0,2,9,1989,9,1
v2_two_edge,v2_repaired,16,50,90,EQUAL_SECTOR,2000,1920,0.95999999999999996,0,0,80,396,663,861,6,0
v2_two_edge,v2_repaired,16,50,90,GAP_CUT,2000,0,0,0,0,2000,0,0,0,0,0
v2_two_edge,v2_repaired,16,50,90,LINEAR_MIN,2000,235,0.11749999999999999,0,0,1765,235,0,0,1,0
v2_two_edge,v2_repaired,16,50,90,SPAN_CEIL_CAPPED,2000,2000,1,0,0,0,0,0,2000,11,3
v2_two_edge,v2_repaired,16,75,30,EQUAL_SECTOR,2000,1681,0.84050000000000002,0,0,319,769,620,292,5,0
v2_two_edge,v2_repaired,16,75,30,GAP_CUT,2000,0,0,0,0,2000,0,0,0,0,0
v2_two_edge,v2_repaired,16,75,30,LINEAR_MIN,2000,59,0.029499999999999998,0,0,1941,59,0,0,1,0
v2_two_edge,v2_repaired,16,75,30,SPAN_CEIL_CAPPED,2000,1988,0.99399999999999999,0,0,12,77,318,1593,8,0
v2_two_edge,v2_repaired,16,75,60,EQUAL_SECTOR,2000,1877,0.9385,0,0,123,431,719,727,6,0
v2_two_edge,v2_repaired,16,75,60,GAP_CUT,2000,0,0,0,0,2000,0,0,0,0,0
v2_two_edge,v2_repaired,16,75,60,LINEAR_MIN,2000,150,0.074999999999999997,0,0,1850,150,0,0,1,0
v2_two_edge,v2_repaired,16,75,60,SPAN_CEIL_CAPPED,2000,2000,1,0,0,0,0,2,1998,9,2
v2_two_edge,v2_repaired,16,75,90,EQUAL_SECTOR,2000,1923,0.96150000000000002,0,0,77,394,707,822,6,0
v2_two_edge,v2_repaired,16,75,90,GAP_CUT,2000,0,0,0,0,2000,0,0,0,0,0
v2_two_edge,v2_repaired,16,75,90,LINEAR_MIN,2000,271,0.13550000000000001,0,0,1729,271,0,0,1,0
v2_two_edge,v2_repaired,16,75,90,SPAN_CEIL_CAPPED,2000,2000,1,0,0,0,0,3,1997,10,2
v2_two_edge,v2_repaired,24,25,30,EQUAL_SECTOR,2000,1757,0.87849999999999995,0,0,243,627,633,497,6,0
v2_two_edge,v2_repaired,24,25,30,GAP_CUT,2000,0,0,0,0,2000,0,0,0,0,0
v2_two_edge,v2_repaired,24,25,30,LINEAR_MIN,2000,27,0.0135,0,0,1973,27,0,0,1,0
v2_two_edge,v2_repaired,24,25,30,SPAN_CEIL_CAPPED,2000,1994,0.997,0,0,6,77,263,1654,10,0
v2_two_edge,v2_repaired,24,25,60,EQUAL_SECTOR,2000,1929,0.96450000000000002,0,0,71,279,566,1084,8,0
v2_two_edge,v2_repaired,24,25,60,GAP_CUT,2000,0,0,0,0,2000,0,0,0,0,0
v2_two_edge,v2_repaired,24,25,60,LINEAR_MIN,2000,74,0.036999999999999998,0,0,1926,74,0,0,1,0
v2_two_edge,v2_repaired,24,25,60,SPAN_CEIL_CAPPED,2000,2000,1,0,0,0,0,3,1997,11,2
v2_two_edge,v2_repaired,24,25,90,EQUAL_SECTOR,2000,1969,0.98450000000000004,0,0,31,179,423,1367,8,0
v2_two_edge,v2_repaired,24,25,90,GAP_CUT,2000,0,0,0,0,2000,0,0,0,0,0
v2_two_edge,v2_repaired,24,25,90,LINEAR_MIN,2000,132,0.066000000000000003,0,0,1868,132,0,0,1,0
v2_two_edge,v2_repaired,24,25,90,SPAN_CEIL_CAPPED,2000,2000,1,0,0,0,0,0,2000,14,4
v2_two_edge,v2_repaired,24,50,30,EQUAL_SECTOR,2000,1929,0.96450000000000002,0,0,71,279,566,1084,8,0
v2_two_edge,v2_repaired,24,50,30,GAP_CUT,2000,0,0,0,0,2000,0,0,0,0,0
v2_two_edge,v2_repaired,24,50,30,LINEAR_MIN,2000,74,0.036999999999999998,0,0,1926,74,0,0,1,0
v2_two_edge,v2_repaired,24,50,30,SPAN_CEIL_CAPPED,2000,2000,1,0,0,0,0,3,1997,11,2
v2_two_edge,v2_repaired,24,50,60,EQUAL_SECTOR,2000,1978,0.98899999999999999,0,0,22,164,398,1416,8,0
v2_two_edge,v2_repaired,24,50,60,GAP_CUT,2000,0,0,0,0,2000,0,0,0,0,0
v2_two_edge,v2_repaired,24,50,60,LINEAR_MIN,2000,196,0.098000000000000004,0,0,1804,196,0,0,1,0
v2_two_edge,v2_repaired,24,50,60,SPAN_CEIL_CAPPED,2000,2000,1,0,0,0,0,0,2000,15,6
v2_two_edge,v2_repaired,24,50,90,EQUAL_SECTOR,2000,1986,0.99299999999999999,0,0,14,118,367,1501,8,0
v2_two_edge,v2_repaired,24,50,90,GAP_CUT,2000,0,0,0,0,2000,0,0,0,0,0
v2_two_edge,v2_repaired,24,50,90,LINEAR_MIN,2000,312,0.156,0,0,1688,312,0,0,1,0
v2_two_edge,v2_repaired,24,50,90,SPAN_CEIL_CAPPED,2000,2000,1,0,0,0,0,1,1999,9,2
v2_two_edge,v2_repaired,24,75,30,EQUAL_SECTOR,2000,1935,0.96750000000000003,0,0,65,247,527,1161,8,0
v2_two_edge,v2_repaired,24,75,30,GAP_CUT,2000,0,0,0,0,2000,0,0,0,0,0
v2_two_edge,v2_repaired,24,75,30,LINEAR_MIN,2000,88,0.043999999999999997,0,0,1912,88,0,0,1,0
v2_two_edge,v2_repaired,24,75,30,SPAN_CEIL_CAPPED,2000,2000,1,0,0,0,0,1,1999,12,2
v2_two_edge,v2_repaired,24,75,60,EQUAL_SECTOR,2000,1982,0.99099999999999999,0,0,18,135,402,1445,8,0
v2_two_edge,v2_repaired,24,75,60,GAP_CUT,2000,0,0,0,0,2000,0,0,0,0,0
v2_two_edge,v2_repaired,24,75,60,LINEAR_MIN,2000,214,0.107,0,0,1786,214,0,0,1,0
v2_two_edge,v2_repaired,24,75,60,SPAN_CEIL_CAPPED,2000,2000,1,0,0,0,0,0,2000,14,5
v2_two_edge,v2_repaired,24,75,90,EQUAL_SECTOR,2000,1982,0.99099999999999999,0,0,18,136,409,1437,8,0
v2_two_edge,v2_repaired,24,75,90,GAP_CUT,2000,0,0,0,0,2000,0,0,0,0,0
v2_two_edge,v2_repaired,24,75,90,LINEAR_MIN,2000,337,0.16850000000000001,0,0,1663,337,0,0,1,0
v2_two_edge,v2_repaired,24,75,90,SPAN_CEIL_CAPPED,2000,2000,1,0,0,0,0,6,1994,8,2
v2_two_edge,v2_repaired,36,25,30,EQUAL_SECTOR,2000,1969,0.98450000000000004,0,0,31,147,381,1441,12,0
v2_two_edge,v2_repaired,36,25,30,GAP_CUT,2000,0,0,0,0,2000,0,0,0,0,0
v2_two_edge,v2_repaired,36,25,30,LINEAR_MIN,2000,57,0.028500000000000001,0,0,1943,57,0,0,1,0
v2_two_edge,v2_repaired,36,25,30,SPAN_CEIL_CAPPED,2000,2000,1,0,0,0,1,2,1997,16,1
v2_two_edge,v2_repaired,36,25,60,EQUAL_SECTOR,2000,1996,0.998,0,0,4,36,128,1832,11,0
v2_two_edge,v2_repaired,36,25,60,GAP_CUT,2000,0,0,0,0,2000,0,0,0,0,0
v2_two_edge,v2_repaired,36,25,60,LINEAR_MIN,2000,160,0.080000000000000002,0,0,1840,160,0,0,1,0
v2_two_edge,v2_repaired,36,25,60,SPAN_CEIL_CAPPED,2000,2000,1,0,0,0,0,0,2000,19,8
v2_two_edge,v2_repaired,36,25,90,EQUAL_SECTOR,2000,1996,0.998,0,0,4,20,110,1866,10,0
v2_two_edge,v2_repaired,36,25,90,GAP_CUT,2000,0,0,0,0,2000,0,0,0,0,0
v2_two_edge,v2_repaired,36,25,90,LINEAR_MIN,2000,209,0.1045,0,0,1791,209,0,0,1,0
v2_two_edge,v2_repaired,36,25,90,SPAN_CEIL_CAPPED,2000,2000,1,0,0,0,0,0,2000,20,11
v2_two_edge,v2_repaired,36,50,30,EQUAL_SECTOR,2000,1996,0.998,0,0,4,36,127,1833,11,0
v2_two_edge,v2_repaired,36,50,30,GAP_CUT,2000,0,0,0,0,2000,0,0,0,0,0
v2_two_edge,v2_repaired,36,50,30,LINEAR_MIN,2000,160,0.080000000000000002,0,0,1840,160,0,0,1,0
v2_two_edge,v2_repaired,36,50,30,SPAN_CEIL_CAPPED,2000,2000,1,0,0,0,0,0,2000,19,8
v2_two_edge,v2_repaired,36,50,60,EQUAL_SECTOR,2000,1999,0.99950000000000006,0,0,1,25,110,1864,10,0
v2_two_edge,v2_repaired,36,50,60,GAP_CUT,2000,0,0,0,0,2000,0,0,0,0,0
v2_two_edge,v2_repaired,36,50,60,LINEAR_MIN,2000,307,0.1535,0,0,1693,307,0,0,1,0
v2_two_edge,v2_repaired,36,50,60,SPAN_CEIL_CAPPED,2000,2000,1,0,0,0,0,0,2000,14,6
v2_two_edge,v2_repaired,36,50,90,EQUAL_SECTOR,2000,1999,0.99950000000000006,0,0,1,29,132,1838,8,0
v2_two_edge,v2_repaired,36,50,90,GAP_CUT,2000,0,0,0,0,2000,0,0,0,0,0
v2_two_edge,v2_repaired,36,50,90,LINEAR_MIN,2000,435,0.2175,0,0,1565,435,0,0,1,0
v2_two_edge,v2_repaired,36,50,90,SPAN_CEIL_CAPPED,2000,2000,1,0,0,0,0,6,1994,8,2
v2_two_edge,v2_repaired,36,75,30,EQUAL_SECTOR,2000,1995,0.99750000000000005,0,0,5,25,120,1850,11,0
v2_two_edge,v2_repaired,36,75,30,GAP_CUT,2000,0,0,0,0,2000,0,0,0,0,0
v2_two_edge,v2_repaired,36,75,30,LINEAR_MIN,2000,164,0.082000000000000003,0,0,1836,164,0,0,1,0
v2_two_edge,v2_repaired,36,75,30,SPAN_CEIL_CAPPED,2000,2000,1,0,0,0,0,0,2000,19,9
v2_two_edge,v2_repaired,36,75,60,EQUAL_SECTOR,2000,2000,1,0,0,0,19,93,1888,10,1
v2_two_edge,v2_repaired,36,75,60,GAP_CUT,2000,0,0,0,0,2000,0,0,0,0,0
v2_two_edge,v2_repaired,36,75,60,LINEAR_MIN,2000,337,0.16850000000000001,0,0,1663,337,0,0,1,0
v2_two_edge,v2_repaired,36,75,60,SPAN_CEIL_CAPPED,2000,2000,1,0,0,0,0,0,2000,12,5
v2_two_edge,v2_repaired,36,75,90,EQUAL_SECTOR,2000,1997,0.99850000000000005,0,0,3,37,216,1744,7,0
v2_two_edge,v2_repaired,36,75,90,GAP_CUT,2000,0,0,0,0,2000,0,0,0,0,0
v2_two_edge,v2_repaired,36,75,90,LINEAR_MIN,2000,435,0.2175,0,0,1565,435,0,0,1,0
v2_two_edge,v2_repaired,36,75,90,SPAN_CEIL_CAPPED,2000,2000,1,0,0,0,0,34,1966,7,2
