scope_boundary,N,budget_mps,horizon_days,evaluation_start_offset_sec,arc_model,K_allowed,K_max,n_feasible,frontier_P95_primary_min,previous_frontier_P95_primary_min,delta_P95_min,is_max_improvement_K,max_improvement_K,max_improvement_delta_P95_min
evaluated_candidate_set_only_arc_conditioned_pools,12,25,30,842400,v2_two_edge,1,12,0,,,,false,3,457
evaluated_candidate_set_only_arc_conditioned_pools,12,25,30,842400,v2_two_edge,2,12,1,1015,,,false,3,457
evaluated_candidate_set_only_arc_conditioned_pools,12,25,30,842400,v2_two_edge,3,12,15,558,1015,457,true,3,457
evaluated_candidate_set_only_arc_conditioned_pools,12,25,30,842400,v2_two_edge,4,12,149,328,558,230,false,3,457
evaluated_candidate_set_only_arc_conditioned_pools,12,25,30,842400,v2_two_edge,5,12,277,121,328,207,false,3,457
evaluated_candidate_set_only_arc_conditioned_pools,12,25,30,842400,v2_two_edge,6,12,396,42,121,79,false,3,457
evaluated_candidate_set_only_arc_conditioned_pools,12,25,30,842400,v2_two_edge,7,12,593,42,42,0,false,3,457
evaluated_candidate_set_only_arc_conditioned_pools,12,25,30,842400,v2_two_edge,8,12,830,42,42,0,false,3,457
evaluated_candidate_set_only_arc_conditioned_pools,12,25,30,842400,v2_two_edge,9,12,1160,41,42,1,false,3,457
evaluated_candidate_set_only_arc_conditioned_pools,12,25,30,842400,v2_two_edge,10,12,1583,41,41,0,false,3,457
evaluated_candidate_set_only_arc_conditioned_pools,12,25,30,842400,v2_two_edge,11,12,2220,41,41,0,false,3,457
evaluated_candidate_set_only_arc_conditioned_pools,12,25,30,842400,v2_two_edge,12,12,3000,41,41,0,false,3,457
evaluated_candidate_set_only_arc_conditioned_pools,12,25,30,1447200,v2_two_edge,1,12,0,,,,false,3,472
evaluated_candidate_set_only_arc_conditioned_pools,12,25,30,1447200,v2_two_edge,2,12,1,1021,,,false,3,472
evaluated_candidate_set_only_arc_conditioned_pools,12,25,30,1447200,v2_two_edge,3,12,15,549,1021,472,true,3,472
evaluated_candidate_set_only_arc_conditioned_pools,12,25,30,1447200,v2_two_edge,4,12,149,328,549,221,false,3,472
evaluated_candidate_set_only_arc_conditioned_pools,12,25,30,1447200,v2_two_edge,5,12,277,125,328,203,false,3,472
evaluated_candidate_set_only_arc_conditioned_pools,12,25,30,1447200,v2_two_edge,6,12,396,42,125,83,false,3,472
evaluated_candidate_set_only_arc_conditioned_pools,12,25,30,1447200,v2_two_edge,7,12,593,40,42,2,false,3,472
evaluated_candidate_set_only_arc_conditioned_pools,12,25,30,1447200,v2_two_edge,8,12,830,40,40,0,false,3,472
evaluated_candidate_set_only_arc_conditioned_pools,12,25,30,1447200,v2_two_edge,9,12,1160,40,40,0,false,3,472
evaluated_candidate_set_only_arc_conditioned_pools,12,25,30,1447200,v2_two_edge,10,12,1583,40,40,0,false,3,472
evaluated_candidate_set_only_arc_conditioned_pools,12,25,30,1447200,v2_two_edge,11,12,2220,40,40,0,false,3,472
evaluated_candidate_set_only_arc_conditioned_pools,12,25,30,1447200,v2_two_edge,12,12,3000,40,40,0,false,3,472
evaluated_candidate_set_only_arc_conditioned_pools,12,25,60,842400,v2_two_edge,1,12,0,,,,false,4,285
evaluated_candidate_set_only_arc_conditioned_pools,12,25,60,842400,v2_two_edge,2,12,29,558,,,false,4,285
evaluated_candidate_set_only_arc_conditioned_pools,12,25,60,842400,v2_two_edge,3,12,255,327,558,231,false,4,285
evaluated_candidate_set_only_arc_conditioned_pools,12,25,60,842400,v2_two_edge,4,12,387,42,327,285,true,4,285
evaluated_candidate_set_only_arc_conditioned_pools,12,25,60,842400,v2_two_edge,5,12,549,42,42,0,false,4,285
evaluated_candidate_set_only_arc_conditioned_pools,12,25,60,842400,v2_two_edge,6,12,771,42,42,0,false,4,285
evaluated_candidate_set_only_arc_conditioned_pools,12,25,60,842400,v2_two_edge,7,12,1036,41,42,1,false,4,285
evaluated_candidate_set_only_arc_conditioned_pools,12,25,60,842400,v2_two_edge,8,12,1361,41,41,0,false,4,285
evaluated_candidate_set_only_arc_conditioned_pools,12,25,60,842400,v2_two_edge,9,12,1719,41,41,0,false,4,285
evaluated_candidate_set_only_arc_conditioned_pools,12,25,60,842400,v2_two_edge,10,12,2111,41,41,0,false,4,285
evaluated_candidate_set_only_arc_conditioned_pools,12,25,60,842400,v2_two_edge,11,12,2557,41,41,0,false,4,285
evaluated_candidate_set_only_arc_conditioned_pools,12,25,60,842400,v2_two_edge,12,12,3000,41,41,0,false,4,285
evaluated_candidate_set_only_arc_conditioned_pools,12,25,60,1447200,v2_two_edge,1,12,0,,,,false,4,293
evaluated_candidate_set_only_arc_conditioned_pools,12,25,60,1447200,v2_two_edge,2,12,29,555,,,false,4,293
evaluated_candidate_set_only_arc_conditioned_pools,12,25,60,1447200,v2_two_edge,3,12,255,335,555,220,false,4,293
evaluated_candidate_set_only_arc_conditioned_pools,12,25,60,1447200,v2_two_edge,4,12,387,42,335,293,true,4,293
evaluated_candidate_set_only_arc_conditioned_pools,12,25,60,1447200,v2_two_edge,5,12,549,40,42,2,false,4,293
evaluated_candidate_set_only_arc_conditioned_pools,12,25,60,1447200,v2_two_edge,6,12,771,40,40,0,false,4,293
evaluated_candidate_set_only_arc_conditioned_pools,12,25,60,1447200,v2_two_edge,7,12,1036,40,40,0,false,4,293
evaluated_candidate_set_only_arc_conditioned_pools,12,25,60,1447200,v2_two_edge,8,12,1361,40,40,0,false,4,293
evaluated_candidate_set_only_arc_conditioned_pools,12,25,60,1447200,v2_two_edge,9,12,1719,40,40,0,false,4,293
evaluated_candidate_set_only_arc_conditioned_pools,12,25,60,1447200,v2_two_edge,10,12,2111,40,40,0,false,4,293
evaluated_candidate_set_only_arc_conditioned_pools,12,25,60,1447200,v2_two_edge,11,12,2557,40,40,0,false,4,293
evaluated_candidate_set_only_arc_conditioned_pools,12,25,60,1447200,v2_two_edge,12,12,3000,40,40,0,false,4,293
evaluated_candidate_set_only_arc_conditioned_pools,12,25,90,842400,v2_two_edge,1,12,0,,,,false,3,206
evaluated_candidate_set_only_arc_conditioned_pools,12,25,90,842400,v2_two_edge,2,12,255,327,,,false,3,206
evaluated_candidate_set_only_arc_conditioned_pools,12,25,90,842400,v2_two_edge,3,12,307,121,327,206,true,3,206
evaluated_candidate_set_only_arc_conditioned_pools,12,25,90,842400,v2_two_edge,4,12,580,42,121,79,false,3,206
evaluated_candidate_set_only_arc_conditioned_pools,12,25,90,842400,v2_two_edge,5,12,759,41,42,1,false,3,206
evaluated_candidate_set_only_arc_conditioned_pools,12,25,90,842400,v2_two_edge,6,12,1042,41,41,0,false,3,206
evaluated_candidate_set_only_arc_conditioned_pools,12,25,90,842400,v2_two_edge,7,12,1354,41,41,0,false,3,206
evaluated_candidate_set_only_arc_conditioned_pools,12,25,90,842400,v2_two_edge,8,12,1679,41,41,0,false,3,206
evaluated_candidate_set_only_arc_conditioned_pools,12,25,90,842400,v2_two_edge,9,12,1999,41,41,0,false,3,206
evaluated_candidate_set_only_arc_conditioned_pools,12,25,90,842400,v2_two_edge,10,12,2347,41,41,0,false,3,206
evaluated_candidate_set_only_arc_conditioned_pools,12,25,90,842400,v2_two_edge,11,12,2662,41,41,0,false,3,206
evaluated_candidate_set_only_arc_conditioned_pools,12,25,90,842400,v2_two_edge,12,12,3000,41,41,0,false,3,206
evaluated_candidate_set_only_arc_conditioned_pools,12,25,90,1447200,v2_two_edge,1,12,0,,,,false,3,210
evaluated_candidate_set_only_arc_conditioned_pools,12,25,90,1447200,v2_two_edge,2,12,255,335,,,false,3,210
evaluated_candidate_set_only_arc_conditioned_pools,12,25,90,1447200,v2_two_edge,3,12,307,125,335,210,true,3,210
evaluated_candidate_set_only_arc_conditioned_pools,12,25,90,1447200,v2_two_edge,4,12,580,42,125,83,false,3,210
evaluated_candidate_set_only_arc_conditioned_pools,12,25,90,1447200,v2_two_edge,5,12,759,40,42,2,false,3,210
evaluated_candidate_set_only_arc_conditioned_pools,12,25,90,1447200,v2_two_edge,6,12,1042,40,40,0,false,3,210
evaluated_candidate_set_only_arc_conditioned_pools,12,25,90,1447200,v2_two_edge,7,12,1354,40,40,0,false,3,210
evaluated_candidate_set_only_arc_conditioned_pools,12,25,90,1447200,v2_two_edge,8,12,1679,40,40,0,false,3,210
evaluated_candidate_set_only_arc_conditioned_pools,12,25,90,1447200,v2_two_edge,9,12,1999,40,40,0,false,3,210
evaluated_candidate_set_only_arc_conditioned_pools,12,25,90,1447200,v2_two_edge,10,12,2347,40,40,0,false,3,210
evaluated_candidate_set_only_arc_conditioned_pools,12,25,90,1447200,v2_two_edge,11,12,2662,40,40,0,false,3,210
evaluated_candidate_set_only_arc_conditioned_pools,12,25,90,1447200,v2_two_edge,12,12,3000,40,40,0,false,3,210
evaluated_candidate_set_only_arc_conditioned_pools,12,50,30,842400,v2_two_edge,1,12,0,,,,false,4,285
evaluated_candidate_set_only_arc_conditioned_pools,12,50,30,842400,v2_two_edge,2,12,29,558,,,false,4,285
evaluated_candidate_set_only_arc_conditioned_pools,12,50,30,842400,v2_two_edge,3,12,255,327,558,231,false,4,285
evaluated_candidate_set_only_arc_conditioned_pools,12,50,30,842400,v2_two_edge,4,12,387,42,327,285,true,4,285
evaluated_candidate_set_only_arc_conditioned_pools,12,50,30,842400,v2_two_edge,5,12,549,42,42,0,false,4,285
evaluated_candidate_set_only_arc_conditioned_pools,12,50,30,842400,v2_two_edge,6,12,771,42,42,0,false,4,285
evaluated_candidate_set_only_arc_conditioned_pools,12,50,30,842400,v2_two_edge,7,12,1036,41,42,1,false,4,285
evaluated_candidate_set_only_arc_conditioned_pools,12,50,30,842400,v2_two_edge,8,12,1361,41,41,0,false,4,285
evaluated_candidate_set_only_arc_conditioned_pools,12,50,30,842400,v2_two_edge,9,12,1719,41,41,0,false,4,285
evaluated_candidate_set_only_arc_conditioned_pools,12,50,30,842400,v2_two_edge,10,12,2111,41,41,0,false,4,285
evaluated_candidate_set_only_arc_conditioned_pools,12,50,30,842400,v2_two_edge,11,12,2558,41,41,0,false,4,285
evaluated_candidate_set_only_arc_conditioned_pools,12,50,30,842400,v2_two_edge,12,12,3000,41,41,0,false,4,285
evaluated_candidate_set_only_arc_conditioned_pools,12,50,30,1447200,v2_two_edge,1,12,0,,,,false,4,293
evaluated_candidate_set_only_arc_conditioned_pools,12,50,30,1447200,v2_two_edge,2,12,29,555,,,false,4,293
evaluated_candidate_set_only_arc_conditioned_pools,12,50,30,1447200,v2_two_edge,3,12,255,335,555,220,false,4,293
evaluated_candidate_set_only_arc_conditioned_pools,12,50,30,1447200,v2_two_edge,4,12,387,42,335,293,true,4,293
evaluated_candidate_set_only_arc_conditioned_pools,12,50,30,1447200,v2_two_edge,5,12,549,40,42,2,false,4,293
evaluated_candidate_set_only_arc_conditioned_pools,12,50,30,1447200,v2_two_edge,6,12,771,40,40,0,false,4,293
evaluated_candidate_set_only_arc_conditioned_pools,12,50,30,1447200,v2_two_edge,7,12,1036,40,40,0,false,4,293
evaluated_candidate_set_only_arc_conditioned_pools,12,50,30,1447200,v2_two_edge,8,12,1361,40,40,0,false,4,293
evaluated_candidate_set_only_arc_conditioned_pools,12,50,30,1447200,v2_two_edge,9,12,1719,40,40,0,false,4,293
evaluated_candidate_set_only_arc_conditioned_pools,12,50,30,1447200,v2_two_edge,10,12,2111,40,40,0,false,4,293
evaluated_candidate_set_only_arc_conditioned_pools,12,50,30,1447200,v2_two_edge,11,12,2558,40,40,0,false,4,293
evaluated_candidate_set_only_arc_conditioned_pools,12,50,30,1447200,v2_two_edge,12,12,3000,40,40,0,false,4,293
evaluated_candidate_set_only_arc_conditioned_pools,12,50,60,842400,v2_two_edge,1,12,7,614,,,false,2,303
evaluated_candidate_set_only_arc_conditioned_pools,12,50,60,842400,v2_two_edge,2,12,284,311,614,303,true,2,303
evaluated_candidate_set_only_arc_conditioned_pools,12,50,60,842400,v2_two_edge,3,12,437,120,311,191,false,2,303
evaluated_candidate_set_only_arc_conditioned_pools,12,50,60,842400,v2_two_edge,4,12,732,42,120,78,false,2,303
evaluated_candidate_set_only_arc_conditioned_pools,12,50,60,842400,v2_two_edge,5,12,1002,41,42,1,false,2,303
evaluated_candidate_set_only_arc_conditioned_pools,12,50,60,842400,v2_two_edge,6,12,1291,41,41,0,false,2,303
evaluated_candidate_set_only_arc_conditioned_pools,12,50,60,842400,v2_two_edge,7,12,1578,41,41,0,false,2,303
evaluated_candidate_set_only_arc_conditioned_pools,12,50,60,842400,v2_two_edge,8,12,1870,41,41,0,false,2,303
evaluated_candidate_set_only_arc_conditioned_pools,12,50,60,842400,v2_two_edge,9,12,2154,41,41,0,false,2,303
evaluated_candidate_set_only_arc_conditioned_pools,12,50,60,842400,v2_two_edge,10,12,2441,41,41,0,false,2,303
evaluated_candidate_set_only_arc_conditioned_pools,12,50,60,842400,v2_two_edge,11,12,2719,41,41,0,false,2,303
evaluated_candidate_set_only_arc_conditioned_pools,12,50,60,842400,v2_two_edge,12,12,3000,41,41,0,false,2,303
evaluated_candidate_set_only_arc_conditioned_pools,12,50,60,1447200,v2_two_edge,1,12,7,651,,,false,2,339
evaluated_candidate_set_only_arc_conditioned_pools,12,50,60,1447200,v2_two_edge,2,12,284,312,651,339,true,2,339
evaluated_candidate_set_only_arc_conditioned_pools,12,50,60,1447200,v2_two_edge,3,12,437,100,312,212,false,2,339
evaluated_candidate_set_only_arc_conditioned_pools,12,50,60,1447200,v2_two_edge,4,12,732,40,100,60,false,2,339
evaluated_candidate_set_only_arc_conditioned_pools,12,50,60,1447200,v2_two_edge,5,12,1002,40,40,0,false,2,339
evaluated_candidate_set_only_arc_conditioned_pools,12,50,60,1447200,v2_two_edge,6,12,1291,40,40,0,false,2,339
evaluated_candidate_set_only_arc_conditioned_pools,12,50,60,1447200,v2_two_edge,7,12,1578,40,40,0,false,2,339
evaluated_candidate_set_only_arc_conditioned_pools,12,50,60,1447200,v2_two_edge,8,12,1870,40,40,0,false,2,339
evaluated_candidate_set_only_arc_conditioned_pools,12,50,60,1447200,v2_two_edge,9,12,2154,40,40,0,false,2,339
evaluated_candidate_set_only_arc_conditioned_pools,12,50,60,1447200,v2_two_edge,10,12,2441,40,40,0,false,2,339
evaluated_candidate_set_only_arc_conditioned_pools,12,50,60,1447200,v2_two_edge,11,12,2719,40,40,0,false,2,339
evaluated_candidate_set_only_arc_conditioned_pools,12,50,60,1447200,v2_two_edge,12,12,3000,40,40,0,false,2,339
evaluated_candidate_set_only_arc_conditioned_pools,12,50,90,842400,v2_two_edge,1,12,249,540,,,false,2,245
evaluated_candidate_set_only_arc_conditioned_pools,12,50,90,842400,v2_two_edge,2,12,502,295,540,245,true,2,245
evaluated_candidate_set_only_arc_conditioned_pools,12,50,90,842400,v2_two_edge,3,12,756,97,295,198,false,2,245
evaluated_candidate_set_only_arc_conditioned_pools,12,50,90,842400,v2_two_edge,4,12,1007,41,97,56,false,2,245
evaluated_candidate_set_only_arc_conditioned_pools,12,50,90,842400,v2_two_edge,5,12,1256,41,41,0,false,2,245
evaluated_candidate_set_only_arc_conditioned_pools,12,50,90,842400,v2_two_edge,6,12,1505,41,41,0,false,2,245
evaluated_candidate_set_only_arc_conditioned_pools,12,50,90,842400,v2_two_edge,7,12,1755,41,41,0,false,2,245
evaluated_candidate_set_only_arc_conditioned_pools,12,50,90,842400,v2_two_edge,8,12,2005,41,41,0,false,2,245
evaluated_candidate_set_only_arc_conditioned_pools,12,50,90,842400,v2_two_edge,9,12,2281,41,41,0,false,2,245
evaluated_candidate_set_only_arc_conditioned_pools,12,50,90,842400,v2_two_edge,10,12,2637,41,41,0,false,2,245
evaluated_candidate_set_only_arc_conditioned_pools,12,50,90,842400,v2_two_edge,11,12,2926,41,41,0,false,2,245
evaluated_candidate_set_only_arc_conditioned_pools,12,50,90,842400,v2_two_edge,12,12,3000,41,41,0,false,2,245
evaluated_candidate_set_only_arc_conditioned_pools,12,50,90,1447200,v2_two_edge,1,12,249,549,,,false,2,253
evaluated_candidate_set_only_arc_conditioned_pools,12,50,90,1447200,v2_two_edge,2,12,502,296,549,253,true,2,253
evaluated_candidate_set_only_arc_conditioned_pools,12,50,90,1447200,v2_two_edge,3,12,756,97,296,199,false,2,253
evaluated_candidate_set_only_arc_conditioned_pools,12,50,90,1447200,v2_two_edge,4,12,1007,40,97,57,false,2,253
evaluated_candidate_set_only_arc_conditioned_pools,12,50,90,1447200,v2_two_edge,5,12,1256,40,40,0,false,2,253
evaluated_candidate_set_only_arc_conditioned_pools,12,50,90,1447200,v2_two_edge,6,12,1505,40,40,0,false,2,253
evaluated_candidate_set_only_arc_conditioned_pools,12,50,90,1447200,v2_two_edge,7,12,1755,40,40,0,false,2,253
evaluated_candidate_set_only_arc_conditioned_pools,12,50,90,1447200,v2_two_edge,8,12,2005,40,40,0,false,2,253
evaluated_candidate_set_only_arc_conditioned_pools,12,50,90,1447200,v2_two_edge,9,12,2281,40,40,0,false,2,253
evaluated_candidate_set_only_arc_conditioned_pools,12,50,90,1447200,v2_two_edge,10,12,2637,40,40,0,false,2,253
evaluated_candidate_set_only_arc_conditioned_pools,12,50,90,1447200,v2_two_edge,11,12,2926,40,40,0,false,2,253
evaluated_candidate_set_only_arc_conditioned_pools,12,50,90,1447200,v2_two_edge,12,12,3000,40,40,0,false,2,253
evaluated_candidate_set_only_arc_conditioned_pools,12,75,30,842400,v2_two_edge,1,12,0,,,,false,3,420
evaluated_candidate_set_only_arc_conditioned_pools,12,75,30,842400,v2_two_edge,2,12,66,546,,,false,3,420
evaluated_candidate_set_only_arc_conditioned_pools,12,75,30,842400,v2_two_edge,3,12,262,126,546,420,true,3,420
evaluated_candidate_set_only_arc_conditioned_pools,12,75,30,842400,v2_two_edge,4,12,433,42,126,84,false,3,420
evaluated_candidate_set_only_arc_conditioned_pools,12,75,30,842400,v2_two_edge,5,12,612,42,42,0,false,3,420
evaluated_candidate_set_only_arc_conditioned_pools,12,75,30,842400,v2_two_edge,6,12,842,42,42,0,false,3,420
evaluated_candidate_set_only_arc_conditioned_pools,12,75,30,842400,v2_two_edge,7,12,1107,41,42,1,false,3,420
evaluated_candidate_set_only_arc_conditioned_pools,12,75,30,842400,v2_two_edge,8,12,1425,41,41,0,false,3,420
evaluated_candidate_set_only_arc_conditioned_pools,12,75,30,842400,v2_two_edge,9,12,1799,41,41,0,false,3,420
evaluated_candidate_set_only_arc_conditioned_pools,12,75,30,842400,v2_two_edge,10,12,2177,41,41,0,false,3,420
evaluated_candidate_set_only_arc_conditioned_pools,12,75,30,842400,v2_two_edge,11,12,2581,41,41,0,false,3,420
evaluated_candidate_set_only_arc_conditioned_pools,12,75,30,842400,v2_two_edge,12,12,3000,41,41,0,false,3,420
evaluated_candidate_set_only_arc_conditioned_pools,12,75,30,1447200,v2_two_edge,1,12,0,,,,false,3,423
evaluated_candidate_set_only_arc_conditioned_pools,12,75,30,1447200,v2_two_edge,2,12,66,549,,,false,3,423
evaluated_candidate_set_only_arc_conditioned_pools,12,75,30,1447200,v2_two_edge,3,12,262,126,549,423,true,3,423
evaluated_candidate_set_only_arc_conditioned_pools,12,75,30,1447200,v2_two_edge,4,12,433,42,126,84,false,3,423
evaluated_candidate_set_only_arc_conditioned_pools,12,75,30,1447200,v2_two_edge,5,12,612,40,42,2,false,3,423
evaluated_candidate_set_only_arc_conditioned_pools,12,75,30,1447200,v2_two_edge,6,12,842,40,40,0,false,3,423
evaluated_candidate_set_only_arc_conditioned_pools,12,75,30,1447200,v2_two_edge,7,12,1107,40,40,0,false,3,423
evaluated_candidate_set_only_arc_conditioned_pools,12,75,30,1447200,v2_two_edge,8,12,1425,40,40,0,false,3,423
evaluated_candidate_set_only_arc_conditioned_pools,12,75,30,1447200,v2_two_edge,9,12,1799,40,40,0,false,3,423
evaluated_candidate_set_only_arc_conditioned_pools,12,75,30,1447200,v2_two_edge,10,12,2177,40,40,0,false,3,423
evaluated_candidate_set_only_arc_conditioned_pools,12,75,30,1447200,v2_two_edge,11,12,2581,40,40,0,false,3,423
evaluated_candidate_set_only_arc_conditioned_pools,12,75,30,1447200,v2_two_edge,12,12,3000,40,40,0,false,3,423
evaluated_candidate_set_only_arc_conditioned_pools,12,75,60,842400,v2_two_edge,1,12,25,558,,,false,2,263
evaluated_candidate_set_only_arc_conditioned_pools,12,75,60,842400,v2_two_edge,2,12,313,295,558,263,true,2,263
evaluated_candidate_set_only_arc_conditioned_pools,12,75,60,842400,v2_two_edge,3,12,516,103,295,192,false,2,263
evaluated_candidate_set_only_arc_conditioned_pools,12,75,60,842400,v2_two_edge,4,12,813,41,103,62,false,2,263
evaluated_candidate_set_only_arc_conditioned_pools,12,75,60,842400,v2_two_edge,5,12,1086,41,41,0,false,2,263
evaluated_candidate_set_only_arc_conditioned_pools,12,75,60,842400,v2_two_edge,6,12,1376,41,41,0,false,2,263
evaluated_candidate_set_only_arc_conditioned_pools,12,75,60,842400,v2_two_edge,7,12,1641,41,41,0,false,2,263
evaluated_candidate_set_only_arc_conditioned_pools,12,75,60,842400,v2_two_edge,8,12,1923,41,41,0,false,2,263
evaluated_candidate_set_only_arc_conditioned_pools,12,75,60,842400,v2_two_edge,9,12,2189,41,41,0,false,2,263
evaluated_candidate_set_only_arc_conditioned_pools,12,75,60,842400,v2_two_edge,10,12,2467,41,41,0,false,2,263
evaluated_candidate_set_only_arc_conditioned_pools,12,75,60,842400,v2_two_edge,11,12,2752,41,41,0,false,2,263
evaluated_candidate_set_only_arc_conditioned_pools,12,75,60,842400,v2_two_edge,12,12,3000,41,41,0,false,2,263
evaluated_candidate_set_only_arc_conditioned_pools,12,75,60,1447200,v2_two_edge,1,12,25,586,,,false,2,290
evaluated_candidate_set_only_arc_conditioned_pools,12,75,60,1447200,v2_two_edge,2,12,313,296,586,290,true,2,290
evaluated_candidate_set_only_arc_conditioned_pools,12,75,60,1447200,v2_two_edge,3,12,516,100,296,196,false,2,290
evaluated_candidate_set_only_arc_conditioned_pools,12,75,60,1447200,v2_two_edge,4,12,813,40,100,60,false,2,290
evaluated_candidate_set_only_arc_conditioned_pools,12,75,60,1447200,v2_two_edge,5,12,1086,40,40,0,false,2,290
evaluated_candidate_set_only_arc_conditioned_pools,12,75,60,1447200,v2_two_edge,6,12,1376,40,40,0,false,2,290
evaluated_candidate_set_only_arc_conditioned_pools,12,75,60,1447200,v2_two_edge,7,12,1641,40,40,0,false,2,290
evaluated_candidate_set_only_arc_conditioned_pools,12,75,60,1447200,v2_two_edge,8,12,1923,40,40,0,false,2,290
evaluated_candidate_set_only_arc_conditioned_pools,12,75,60,1447200,v2_two_edge,9,12,2189,40,40,0,false,2,290
evaluated_candidate_set_only_arc_conditioned_pools,12,75,60,1447200,v2_two_edge,10,12,2467,40,40,0,false,2,290
evaluated_candidate_set_only_arc_conditioned_pools,12,75,60,1447200,v2_two_edge,11,12,2752,40,40,0,false,2,290
evaluated_candidate_set_only_arc_conditioned_pools,12,75,60,1447200,v2_two_edge,12,12,3000,40,40,0,false,2,290
evaluated_candidate_set_only_arc_conditioned_pools,12,75,90,842400,v2_two_edge,1,12,252,540,,,false,2,245
evaluated_candidate_set_only_arc_conditioned_pools,12,75,90,842400,v2_two_edge,2,12,504,295,540,245,true,2,245
evaluated_candidate_set_only_arc_conditioned_pools,12,75,90,842400,v2_two_edge,3,12,756,97,295,198,false,2,245
evaluated_candidate_set_only_arc_conditioned_pools,12,75,90,842400,v2_two_edge,4,12,1008,41,97,56,false,2,245
evaluated_candidate_set_only_arc_conditioned_pools,12,75,90,842400,v2_two_edge,5,12,1257,41,41,0,false,2,245
evaluated_candidate_set_only_arc_conditioned_pools,12,75,90,842400,v2_two_edge,6,12,1506,41,41,0,false,2,245
evaluated_candidate_set_only_arc_conditioned_pools,12,75,90,842400,v2_two_edge,7,12,1755,41,41,0,false,2,245
evaluated_candidate_set_only_arc_conditioned_pools,12,75,90,842400,v2_two_edge,8,12,2012,41,41,0,false,2,245
evaluated_candidate_set_only_arc_conditioned_pools,12,75,90,842400,v2_two_edge,9,12,2331,41,41,0,false,2,245
evaluated_candidate_set_only_arc_conditioned_pools,12,75,90,842400,v2_two_edge,10,12,2738,41,41,0,false,2,245
evaluated_candidate_set_only_arc_conditioned_pools,12,75,90,842400,v2_two_edge,11,12,2966,41,41,0,false,2,245
evaluated_candidate_set_only_arc_conditioned_pools,12,75,90,842400,v2_two_edge,12,12,3000,41,41,0,false,2,245
evaluated_candidate_set_only_arc_conditioned_pools,12,75,90,1447200,v2_two_edge,1,12,252,549,,,false,2,253
evaluated_candidate_set_only_arc_conditioned_pools,12,75,90,1447200,v2_two_edge,2,12,504,296,549,253,true,2,253
evaluated_candidate_set_only_arc_conditioned_pools,12,75,90,1447200,v2_two_edge,3,12,756,97,296,199,false,2,253
evaluated_candidate_set_only_arc_conditioned_pools,12,75,90,1447200,v2_two_edge,4,12,1008,40,97,57,false,2,253
evaluated_candidate_set_only_arc_conditioned_pools,12,75,90,1447200,v2_two_edge,5,12,1257,40,40,0,false,2,253
evaluated_candidate_set_only_arc_conditioned_pools,12,75,90,1447200,v2_two_edge,6,12,1506,40,40,0,false,2,253
evaluated_candidate_set_only_arc_conditioned_pools,12,75,90,1447200,v2_two_edge,7,12,1755,40,40,0,false,2,253
evaluated_candidate_set_only_arc_conditioned_pools,12,75,90,1447200,v2_two_edge,8,12,2012,40,40,0,false,2,253
evaluated_candidate_set_only_arc_conditioned_pools,12,75,90,1447200,v2_two_edge,9,12,2331,40,40,0,false,2,253
evaluated_candidate_set_only_arc_conditioned_pools,12,75,90,1447200,v2_two_edge,10,12,2738,40,40,0,false,2,253
evaluated_candidate_set_only_arc_conditioned_pools,12,75,90,1447200,v2_two_edge,11,12,2966,40,40,0,false,2,253
evaluated_candidate_set_only_arc_conditioned_pools,12,75,90,1447200,v2_two_edge,12,12,3000,40,40,0,false,2,253
evaluated_candidate_set_only_arc_conditioned_pools,24,25,30,842400,v2_two_edge,1,24,0,,,,false,7,251
evaluated_candidate_set_only_arc_conditioned_pools,24,25,30,842400,v2_two_edge,2,24,0,,,,false,7,251
evaluated_candidate_set_only_arc_conditioned_pools,24,25,30,842400,v2_two_edge,3,24,0,,,,false,7,251
evaluated_candidate_set_only_arc_conditioned_pools,24,25,30,842400,v2_two_edge,4,24,6,582,,,false,7,251
evaluated_candidate_set_only_arc_conditioned_pools,24,25,30,842400,v2_two_edge,5,24,94,549,582,33,false,7,251
evaluated_candidate_set_only_arc_conditioned_pools,24,25,30,842400,v2_two_edge,6,24,126,542,549,7,false,7,251
evaluated_candidate_set_only_arc_conditioned_pools,24,25,30,842400,v2_two_edge,7,24,136,291,542,251,true,7,251
evaluated_candidate_set_only_arc_conditioned_pools,24,25,30,842400,v2_two_edge,8,24,180,289,291,2,false,7,251
evaluated_candidate_set_only_arc_conditioned_pools,24,25,30,842400,v2_two_edge,9,24,240,90,289,199,false,7,251
evaluated_candidate_set_only_arc_conditioned_pools,24,25,30,842400,v2_two_edge,10,24,283,31,90,59,false,7,251
evaluated_candidate_set_only_arc_conditioned_pools,24,25,30,842400,v2_two_edge,11,24,345,29,31,2,false,7,251
evaluated_candidate_set_only_arc_conditioned_pools,24,25,30,842400,v2_two_edge,12,24,410,24,29,5,false,7,251
evaluated_candidate_set_only_arc_conditioned_pools,24,25,30,842400,v2_two_edge,13,24,481,21,24,3,false,7,251
evaluated_candidate_set_only_arc_conditioned_pools,24,25,30,842400,v2_two_edge,14,24,577,20,21,1,false,7,251
evaluated_candidate_set_only_arc_conditioned_pools,24,25,30,842400,v2_two_edge,15,24,685,20,20,0,false,7,251
evaluated_candidate_set_only_arc_conditioned_pools,24,25,30,842400,v2_two_edge,16,24,793,20,20,0,false,7,251
evaluated_candidate_set_only_arc_conditioned_pools,24,25,30,842400,v2_two_edge,17,24,945,20,20,0,false,7,251
evaluated_candidate_set_only_arc_conditioned_pools,24,25,30,842400,v2_two_edge,18,24,1095,20,20,0,false,7,251
evaluated_candidate_set_only_arc_conditioned_pools,24,25,30,842400,v2_two_edge,19,24,1315,20,20,0,false,7,251
evaluated_candidate_set_only_arc_conditioned_pools,24,25,30,842400,v2_two_edge,20,24,1593,20,20,0,false,7,251
evaluated_candidate_set_only_arc_conditioned_pools,24,25,30,842400,v2_two_edge,21,24,1992,20,20,0,false,7,251
evaluated_candidate_set_only_arc_conditioned_pools,24,25,30,842400,v2_two_edge,22,24,2479,20,20,0,false,7,251
evaluated_candidate_set_only_arc_conditioned_pools,24,25,30,842400,v2_two_edge,23,24,2852,20,20,0,false,7,251
evaluated_candidate_set_only_arc_conditioned_pools,24,25,30,842400,v2_two_edge,24,24,3000,20,20,0,false,7,251
evaluated_candidate_set_only_arc_conditioned_pools,24,25,30,1447200,v2_two_edge,1,24,0,,,,false,7,242
evaluated_candidate_set_only_arc_conditioned_pools,24,25,30,1447200,v2_two_edge,2,24,0,,,,false,7,242
evaluated_candidate_set_only_arc_conditioned_pools,24,25,30,1447200,v2_two_edge,3,24,0,,,,false,7,242
evaluated_candidate_set_only_arc_conditioned_pools,24,25,30,1447200,v2_two_edge,4,24,6,570,,,false,7,242
evaluated_candidate_set_only_arc_conditioned_pools,24,25,30,1447200,v2_two_edge,5,24,94,534,570,36,false,7,242
evaluated_candidate_set_only_arc_conditioned_pools,24,25,30,1447200,v2_two_edge,6,24,126,534,534,0,false,7,242
evaluated_candidate_set_only_arc_conditioned_pools,24,25,30,1447200,v2_two_edge,7,24,136,292,534,242,true,7,242
evaluated_candidate_set_only_arc_conditioned_pools,24,25,30,1447200,v2_two_edge,8,24,180,284,292,8,false,7,242
evaluated_candidate_set_only_arc_conditioned_pools,24,25,30,1447200,v2_two_edge,9,24,240,90,284,194,false,7,242
evaluated_candidate_set_only_arc_conditioned_pools,24,25,30,1447200,v2_two_edge,10,24,283,30,90,60,false,7,242
evaluated_candidate_set_only_arc_conditioned_pools,24,25,30,1447200,v2_two_edge,11,24,345,29,30,1,false,7,242
evaluated_candidate_set_only_arc_conditioned_pools,24,25,30,1447200,v2_two_edge,12,24,410,24,29,5,false,7,242
evaluated_candidate_set_only_arc_conditioned_pools,24,25,30,1447200,v2_two_edge,13,24,481,21,24,3,false,7,242
evaluated_candidate_set_only_arc_conditioned_pools,24,25,30,1447200,v2_two_edge,14,24,577,20,21,1,false,7,242
evaluated_candidate_set_only_arc_conditioned_pools,24,25,30,1447200,v2_two_edge,15,24,685,19,20,1,false,7,242
evaluated_candidate_set_only_arc_conditioned_pools,24,25,30,1447200,v2_two_edge,16,24,793,19,19,0,false,7,242
evaluated_candidate_set_only_arc_conditioned_pools,24,25,30,1447200,v2_two_edge,17,24,945,19,19,0,false,7,242
evaluated_candidate_set_only_arc_conditioned_pools,24,25,30,1447200,v2_two_edge,18,24,1095,19,19,0,false,7,242
evaluated_candidate_set_only_arc_conditioned_pools,24,25,30,1447200,v2_two_edge,19,24,1315,19,19,0,false,7,242
evaluated_candidate_set_only_arc_conditioned_pools,24,25,30,1447200,v2_two_edge,20,24,1593,19,19,0,false,7,242
evaluated_candidate_set_only_arc_conditioned_pools,24,25,30,1447200,v2_two_edge,21,24,1992,19,19,0,false,7,242
evaluated_candidate_set_only_arc_conditioned_pools,24,25,30,1447200,v2_two_edge,22,24,2479,19,19,0,false,7,242
evaluated_candidate_set_only_arc_conditioned_pools,24,25,30,1447200,v2_two_edge,23,24,2852,19,19,0,false,7,242
evaluated_candidate_set_only_arc_conditioned_pools,24,25,30,1447200,v2_two_edge,24,24,3000,19,19,0,false,7,242
evaluated_candidate_set_only_arc_conditioned_pools,24,25,60,842400,v2_two_edge,1,24,0,,,,false,4,219
evaluated_candidate_set_only_arc_conditioned_pools,24,25,60,842400,v2_two_edge,2,24,0,,,,false,4,219
evaluated_candidate_set_only_arc_conditioned_pools,24,25,60,842400,v2_two_edge,3,24,126,542,,,false,4,219
evaluated_candidate_set_only_arc_conditioned_pools,24,25,60,842400,v2_two_edge,4,24,128,323,542,219,true,4,219
evaluated_candidate_set_only_arc_conditioned_pools,24,25,60,842400,v2_two_edge,5,24,160,291,323,32,false,4,219
evaluated_candidate_set_only_arc_conditioned_pools,24,25,60,842400,v2_two_edge,6,24,261,89,291,202,false,4,219
evaluated_candidate_set_only_arc_conditioned_pools,24,25,60,842400,v2_two_edge,7,24,306,30,89,59,false,4,219
evaluated_candidate_set_only_arc_conditioned_pools,24,25,60,842400,v2_two_edge,8,24,380,29,30,1,false,4,219
evaluated_candidate_set_only_arc_conditioned_pools,24,25,60,842400,v2_two_edge,9,24,482,23,29,6,false,4,219
evaluated_candidate_set_only_arc_conditioned_pools,24,25,60,842400,v2_two_edge,10,24,559,23,23,0,false,4,219
evaluated_candidate_set_only_arc_conditioned_pools,24,25,60,842400,v2_two_edge,11,24,643,21,23,2,false,4,219
evaluated_candidate_set_only_arc_conditioned_pools,24,25,60,842400,v2_two_edge,12,24,744,21,21,0,false,4,219
evaluated_candidate_set_only_arc_conditioned_pools,24,25,60,842400,v2_two_edge,13,24,890,20,21,1,false,4,219
evaluated_candidate_set_only_arc_conditioned_pools,24,25,60,842400,v2_two_edge,14,24,1012,20,20,0,false,4,219
evaluated_candidate_set_only_arc_conditioned_pools,24,25,60,842400,v2_two_edge,15,24,1171,20,20,0,false,4,219
evaluated_candidate_set_only_arc_conditioned_pools,24,25,60,842400,v2_two_edge,16,24,1313,20,20,0,false,4,219
evaluated_candidate_set_only_arc_conditioned_pools,24,25,60,842400,v2_two_edge,17,24,1504,20,20,0,false,4,219
evaluated_candidate_set_only_arc_conditioned_pools,24,25,60,842400,v2_two_edge,18,24,1761,20,20,0,false,4,219
evaluated_candidate_set_only_arc_conditioned_pools,24,25,60,842400,v2_two_edge,19,24,2111,20,20,0,false,4,219
evaluated_candidate_set_only_arc_conditioned_pools,24,25,60,842400,v2_two_edge,20,24,2517,20,20,0,false,4,219
evaluated_candidate_set_only_arc_conditioned_pools,24,25,60,842400,v2_two_edge,21,24,2827,20,20,0,false,4,219
evaluated_candidate_set_only_arc_conditioned_pools,24,25,60,842400,v2_two_edge,22,24,2967,20,20,0,false,4,219
evaluated_candidate_set_only_arc_conditioned_pools,24,25,60,842400,v2_two_edge,23,24,2994,20,20,0,false,4,219
evaluated_candidate_set_only_arc_conditioned_pools,24,25,60,842400,v2_two_edge,24,24,3000,20,20,0,false,4,219
evaluated_candidate_set_only_arc_conditioned_pools,24,25,60,1447200,v2_two_edge,1,24,0,,,,false,4,218
evaluated_candidate_set_only_arc_conditioned_pools,24,25,60,1447200,v2_two_edge,2,24,0,,,,false,4,218
evaluated_candidate_set_only_arc_conditioned_pools,24,25,60,1447200,v2_two_edge,3,24,126,534,,,false,4,218
evaluated_candidate_set_only_arc_conditioned_pools,24,25,60,1447200,v2_two_edge,4,24,128,316,534,218,true,4,218
evaluated_candidate_set_only_arc_conditioned_pools,24,25,60,1447200,v2_two_edge,5,24,160,284,316,32,false,4,218
evaluated_candidate_set_only_arc_conditioned_pools,24,25,60,1447200,v2_two_edge,6,24,261,89,284,195,false,4,218
evaluated_candidate_set_only_arc_conditioned_pools,24,25,60,1447200,v2_two_edge,7,24,306,30,89,59,false,4,218
evaluated_candidate_set_only_arc_conditioned_pools,24,25,60,1447200,v2_two_edge,8,24,380,29,30,1,false,4,218
evaluated_candidate_set_only_arc_conditioned_pools,24,25,60,1447200,v2_two_edge,9,24,482,19,29,10,false,4,218
evaluated_candidate_set_only_arc_conditioned_pools,24,25,60,1447200,v2_two_edge,10,24,559,19,19,0,false,4,218
evaluated_candidate_set_only_arc_conditioned_pools,24,25,60,1447200,v2_two_edge,11,24,643,19,19,0,false,4,218
evaluated_candidate_set_only_arc_conditioned_pools,24,25,60,1447200,v2_two_edge,12,24,744,19,19,0,false,4,218
evaluated_candidate_set_only_arc_conditioned_pools,24,25,60,1447200,v2_two_edge,13,24,890,19,19,0,false,4,218
evaluated_candidate_set_only_arc_conditioned_pools,24,25,60,1447200,v2_two_edge,14,24,1012,19,19,0,false,4,218
evaluated_candidate_set_only_arc_conditioned_pools,24,25,60,1447200,v2_two_edge,15,24,1171,19,19,0,false,4,218
evaluated_candidate_set_only_arc_conditioned_pools,24,25,60,1447200,v2_two_edge,16,24,1313,19,19,0,false,4,218
evaluated_candidate_set_only_arc_conditioned_pools,24,25,60,1447200,v2_two_edge,17,24,1504,19,19,0,false,4,218
evaluated_candidate_set_only_arc_conditioned_pools,24,25,60,1447200,v2_two_edge,18,24,1761,19,19,0,false,4,218
evaluated_candidate_set_only_arc_conditioned_pools,24,25,60,1447200,v2_two_edge,19,24,2111,19,19,0,false,4,218
evaluated_candidate_set_only_arc_conditioned_pools,24,25,60,1447200,v2_two_edge,20,24,2517,19,19,0,false,4,218
evaluated_candidate_set_only_arc_conditioned_pools,24,25,60,1447200,v2_two_edge,21,24,2827,19,19,0,false,4,218
evaluated_candidate_set_only_arc_conditioned_pools,24,25,60,1447200,v2_two_edge,22,24,2967,19,19,0,false,4,218
evaluated_candidate_set_only_arc_conditioned_pools,24,25,60,1447200,v2_two_edge,23,24,2994,19,19,0,false,4,218
evaluated_candidate_set_only_arc_conditioned_pools,24,25,60,1447200,v2_two_edge,24,24,3000,19,19,0,false,4,218
evaluated_candidate_set_only_arc_conditioned_pools,24,25,90,842400,v2_two_edge,1,22,0,,,,false,4,257
evaluated_candidate_set_only_arc_conditioned_pools,24,25,90,842400,v2_two_edge,2,22,126,542,,,false,4,257
evaluated_candidate_set_only_arc_conditioned_pools,24,25,90,842400,v2_two_edge,3,22,126,542,542,0,false,4,257
evaluated_candidate_set_only_arc_conditioned_pools,24,25,90,842400,v2_two_edge,4,22,252,285,542,257,true,4,257
evaluated_candidate_set_only_arc_conditioned_pools,24,25,90,842400,v2_two_edge,5,22,263,88,285,197,false,4,257
evaluated_candidate_set_only_arc_conditioned_pools,24,25,90,842400,v2_two_edge,6,22,386,30,88,58,false,4,257
evaluated_candidate_set_only_arc_conditioned_pools,24,25,90,842400,v2_two_edge,7,22,441,23,30,7,false,4,257
evaluated_candidate_set_only_arc_conditioned_pools,24,25,90,842400,v2_two_edge,8,22,547,23,23,0,false,4,257
evaluated_candidate_set_only_arc_conditioned_pools,24,25,90,842400,v2_two_edge,9,22,641,20,23,3,false,4,257
evaluated_candidate_set_only_arc_conditioned_pools,24,25,90,842400,v2_two_edge,10,22,766,20,20,0,false,4,257
evaluated_candidate_set_only_arc_conditioned_pools,24,25,90,842400,v2_two_edge,11,22,899,20,20,0,false,4,257
evaluated_candidate_set_only_arc_conditioned_pools,24,25,90,842400,v2_two_edge,12,22,1034,20,20,0,false,4,257
evaluated_candidate_set_only_arc_conditioned_pools,24,25,90,842400,v2_two_edge,13,22,1187,20,20,0,false,4,257
evaluated_candidate_set_only_arc_conditioned_pools,24,25,90,842400,v2_two_edge,14,22,1352,20,20,0,false,4,257
evaluated_candidate_set_only_arc_conditioned_pools,24,25,90,842400,v2_two_edge,15,22,1552,20,20,0,false,4,257
evaluated_candidate_set_only_arc_conditioned_pools,24,25,90,842400,v2_two_edge,16,22,1827,20,20,0,false,4,257
evaluated_candidate_set_only_arc_conditioned_pools,24,25,90,842400,v2_two_edge,17,22,2227,20,20,0,false,4,257
evaluated_candidate_set_only_arc_conditioned_pools,24,25,90,842400,v2_two_edge,18,22,2611,20,20,0,false,4,257
evaluated_candidate_set_only_arc_conditioned_pools,24,25,90,842400,v2_two_edge,19,22,2869,20,20,0,false,4,257
evaluated_candidate_set_only_arc_conditioned_pools,24,25,90,842400,v2_two_edge,20,22,2973,20,20,0,false,4,257
evaluated_candidate_set_only_arc_conditioned_pools,24,25,90,842400,v2_two_edge,21,22,2997,20,20,0,false,4,257
evaluated_candidate_set_only_arc_conditioned_pools,24,25,90,842400,v2_two_edge,22,22,3000,20,20,0,false,4,257
evaluated_candidate_set_only_arc_conditioned_pools,24,25,90,1447200,v2_two_edge,1,22,0,,,,false,4,251
evaluated_candidate_set_only_arc_conditioned_pools,24,25,90,1447200,v2_two_edge,2,22,126,534,,,false,4,251
evaluated_candidate_set_only_arc_conditioned_pools,24,25,90,1447200,v2_two_edge,3,22,126,534,534,0,false,4,251
evaluated_candidate_set_only_arc_conditioned_pools,24,25,90,1447200,v2_two_edge,4,22,252,283,534,251,true,4,251
evaluated_candidate_set_only_arc_conditioned_pools,24,25,90,1447200,v2_two_edge,5,22,263,88,283,195,false,4,251
evaluated_candidate_set_only_arc_conditioned_pools,24,25,90,1447200,v2_two_edge,6,22,386,29,88,59,false,4,251
evaluated_candidate_set_only_arc_conditioned_pools,24,25,90,1447200,v2_two_edge,7,22,441,23,29,6,false,4,251
evaluated_candidate_set_only_arc_conditioned_pools,24,25,90,1447200,v2_two_edge,8,22,547,19,23,4,false,4,251
evaluated_candidate_set_only_arc_conditioned_pools,24,25,90,1447200,v2_two_edge,9,22,641,19,19,0,false,4,251
evaluated_candidate_set_only_arc_conditioned_pools,24,25,90,1447200,v2_two_edge,10,22,766,19,19,0,false,4,251
evaluated_candidate_set_only_arc_conditioned_pools,24,25,90,1447200,v2_two_edge,11,22,899,19,19,0,false,4,251
evaluated_candidate_set_only_arc_conditioned_pools,24,25,90,1447200,v2_two_edge,12,22,1034,19,19,0,false,4,251
evaluated_candidate_set_only_arc_conditioned_pools,24,25,90,1447200,v2_two_edge,13,22,1187,19,19,0,false,4,251
evaluated_candidate_set_only_arc_conditioned_pools,24,25,90,1447200,v2_two_edge,14,22,1352,19,19,0,false,4,251
evaluated_candidate_set_only_arc_conditioned_pools,24,25,90,1447200,v2_two_edge,15,22,1552,19,19,0,false,4,251
evaluated_candidate_set_only_arc_conditioned_pools,24,25,90,1447200,v2_two_edge,16,22,1827,19,19,0,false,4,251
evaluated_candidate_set_only_arc_conditioned_pools,24,25,90,1447200,v2_two_edge,17,22,2227,19,19,0,false,4,251
evaluated_candidate_set_only_arc_conditioned_pools,24,25,90,1447200,v2_two_edge,18,22,2611,19,19,0,false,4,251
evaluated_candidate_set_only_arc_conditioned_pools,24,25,90,1447200,v2_two_edge,19,22,2869,19,19,0,false,4,251
evaluated_candidate_set_only_arc_conditioned_pools,24,25,90,1447200,v2_two_edge,20,22,2973,19,19,0,false,4,251
evaluated_candidate_set_only_arc_conditioned_pools,24,25,90,1447200,v2_two_edge,21,22,2997,19,19,0,false,4,251
evaluated_candidate_set_only_arc_conditioned_pools,24,25,90,1447200,v2_two_edge,22,22,3000,19,19,0,false,4,251
evaluated_candidate_set_only_arc_conditioned_pools,24,50,30,842400,v2_two_edge,1,24,0,,,,false,4,219
evaluated_candidate_set_only_arc_conditioned_pools,24,50,30,842400,v2_two_edge,2,24,0,,,,false,4,219
evaluated_candidate_set_only_arc_conditioned_pools,24,50,30,842400,v2_two_edge,3,24,126,542,,,false,4,219
evaluated_candidate_set_only_arc_conditioned_pools,24,50,30,842400,v2_two_edge,4,24,128,323,542,219,true,4,219
evaluated_candidate_set_only_arc_conditioned_pools,24,50,30,842400,v2_two_edge,5,24,160,291,323,32,false,4,219
evaluated_candidate_set_only_arc_conditioned_pools,24,50,30,842400,v2_two_edge,6,24,261,89,291,202,false,4,219
evaluated_candidate_set_only_arc_conditioned_pools,24,50,30,842400,v2_two_edge,7,24,306,30,89,59,false,4,219
evaluated_candidate_set_only_arc_conditioned_pools,24,50,30,842400,v2_two_edge,8,24,380,29,30,1,false,4,219
evaluated_candidate_set_only_arc_conditioned_pools,24,50,30,842400,v2_two_edge,9,24,482,23,29,6,false,4,219
evaluated_candidate_set_only_arc_conditioned_pools,24,50,30,842400,v2_two_edge,10,24,560,23,23,0,false,4,219
evaluated_candidate_set_only_arc_conditioned_pools,24,50,30,842400,v2_two_edge,11,24,643,21,23,2,false,4,219
evaluated_candidate_set_only_arc_conditioned_pools,24,50,30,842400,v2_two_edge,12,24,745,21,21,0,false,4,219
evaluated_candidate_set_only_arc_conditioned_pools,24,50,30,842400,v2_two_edge,13,24,890,20,21,1,false,4,219
evaluated_candidate_set_only_arc_conditioned_pools,24,50,30,842400,v2_two_edge,14,24,1012,20,20,0,false,4,219
evaluated_candidate_set_only_arc_conditioned_pools,24,50,30,842400,v2_two_edge,15,24,1171,20,20,0,false,4,219
evaluated_candidate_set_only_arc_conditioned_pools,24,50,30,842400,v2_two_edge,16,24,1313,20,20,0,false,4,219
evaluated_candidate_set_only_arc_conditioned_pools,24,50,30,842400,v2_two_edge,17,24,1504,20,20,0,false,4,219
evaluated_candidate_set_only_arc_conditioned_pools,24,50,30,842400,v2_two_edge,18,24,1761,20,20,0,false,4,219
evaluated_candidate_set_only_arc_conditioned_pools,24,50,30,842400,v2_two_edge,19,24,2111,20,20,0,false,4,219
evaluated_candidate_set_only_arc_conditioned_pools,24,50,30,842400,v2_two_edge,20,24,2517,20,20,0,false,4,219
evaluated_candidate_set_only_arc_conditioned_pools,24,50,30,842400,v2_two_edge,21,24,2827,20,20,0,false,4,219
evaluated_candidate_set_only_arc_conditioned_pools,24,50,30,842400,v2_two_edge,22,24,2967,20,20,0,false,4,219
evaluated_candidate_set_only_arc_conditioned_pools,24,50,30,842400,v2_two_edge,23,24,2994,20,20,0,false,4,219
evaluated_candidate_set_only_arc_conditioned_pools,24,50,30,842400,v2_two_edge,24,24,3000,20,20,0,false,4,219
evaluated_candidate_set_only_arc_conditioned_pools,24,50,30,1447200,v2_two_edge,1,24,0,,,,false,4,218
evaluated_candidate_set_only_arc_conditioned_pools,24,50,30,1447200,v2_two_edge,2,24,0,,,,false,4,218
evaluated_candidate_set_only_arc_conditioned_pools,24,50,30,1447200,v2_two_edge,3,24,126,534,,,false,4,218
evaluated_candidate_set_only_arc_conditioned_pools,24,50,30,1447200,v2_two_edge,4,24,128,316,534,218,true,4,218
evaluated_candidate_set_only_arc_conditioned_pools,24,50,30,1447200,v2_two_edge,5,24,160,284,316,32,false,4,218
evaluated_candidate_set_only_arc_conditioned_pools,24,50,30,1447200,v2_two_edge,6,24,261,89,284,195,false,4,218
evaluated_candidate_set_only_arc_conditioned_pools,24,50,30,1447200,v2_two_edge,7,24,306,30,89,59,false,4,218
evaluated_candidate_set_only_arc_conditioned_pools,24,50,30,1447200,v2_two_edge,8,24,380,29,30,1,false,4,218
evaluated_candidate_set_only_arc_conditioned_pools,24,50,30,1447200,v2_two_edge,9,24,482,19,29,10,false,4,218
evaluated_candidate_set_only_arc_conditioned_pools,24,50,30,1447200,v2_two_edge,10,24,560,19,19,0,false,4,218
evaluated_candidate_set_only_arc_conditioned_pools,24,50,30,1447200,v2_two_edge,11,24,643,19,19,0,false,4,218
evaluated_candidate_set_only_arc_conditioned_pools,24,50,30,1447200,v2_two_edge,12,24,745,19,19,0,false,4,218
evaluated_candidate_set_only_arc_conditioned_pools,24,50,30,1447200,v2_two_edge,13,24,890,19,19,0,false,4,218
evaluated_candidate_set_only_arc_conditioned_pools,24,50,30,1447200,v2_two_edge,14,24,1012,19,19,0,false,4,218
evaluated_candidate_set_only_arc_conditioned_pools,24,50,30,1447200,v2_two_edge,15,24,1171,19,19,0,false,4,218
evaluated_candidate_set_only_arc_conditioned_pools,24,50,30,1447200,v2_two_edge,16,24,1313,19,19,0,false,4,218
evaluated_candidate_set_only_arc_conditioned_pools,24,50,30,1447200,v2_two_edge,17,24,1504,19,19,0,false,4,218
evaluated_candidate_set_only_arc_conditioned_pools,24,50,30,1447200,v2_two_edge,18,24,1761,19,19,0,false,4,218
evaluated_candidate_set_only_arc_conditioned_pools,24,50,30,1447200,v2_two_edge,19,24,2111,19,19,0,false,4,218
evaluated_candidate_set_only_arc_conditioned_pools,24,50,30,1447200,v2_two_edge,20,24,2517,19,19,0,false,4,218
evaluated_candidate_set_only_arc_conditioned_pools,24,50,30,1447200,v2_two_edge,21,24,2827,19,19,0,false,4,218
evaluated_candidate_set_only_arc_conditioned_pools,24,50,30,1447200,v2_two_edge,22,24,2967,19,19,0,false,4,218
evaluated_candidate_set_only_arc_conditioned_pools,24,50,30,1447200,v2_two_edge,23,24,2994,19,19,0,false,4,218
evaluated_candidate_set_only_arc_conditioned_pools,24,50,30,1447200,v2_two_edge,24,24,3000,19,19,0,false,4,218
evaluated_candidate_set_only_arc_conditioned_pools,24,50,60,842400,v2_two_edge,1,20,0,,,,false,3,429
evaluated_candidate_set_only_arc_conditioned_pools,24,50,60,842400,v2_two_edge,2,20,126,542,,,false,3,429
evaluated_candidate_set_only_arc_conditioned_pools,24,50,60,842400,v2_two_edge,3,20,141,113,542,429,true,3,429
evaluated_candidate_set_only_arc_conditioned_pools,24,50,60,842400,v2_two_edge,4,20,261,88,113,25,false,3,429
evaluated_candidate_set_only_arc_conditioned_pools,24,50,60,842400,v2_two_edge,5,20,331,30,88,58,false,3,429
evaluated_candidate_set_only_arc_conditioned_pools,24,50,60,842400,v2_two_edge,6,20,461,23,30,7,false,3,429
evaluated_candidate_set_only_arc_conditioned_pools,24,50,60,842400,v2_two_edge,7,20,564,23,23,0,false,3,429
evaluated_candidate_set_only_arc_conditioned_pools,24,50,60,842400,v2_two_edge,8,20,698,21,23,2,false,3,429
evaluated_candidate_set_only_arc_conditioned_pools,24,50,60,842400,v2_two_edge,9,20,842,20,21,1,false,3,429
evaluated_candidate_set_only_arc_conditioned_pools,24,50,60,842400,v2_two_edge,10,20,990,20,20,0,false,3,429
evaluated_candidate_set_only_arc_conditioned_pools,24,50,60,842400,v2_two_edge,11,20,1132,20,20,0,false,3,429
evaluated_candidate_set_only_arc_conditioned_pools,24,50,60,842400,v2_two_edge,12,20,1287,20,20,0,false,3,429
evaluated_candidate_set_only_arc_conditioned_pools,24,50,60,842400,v2_two_edge,13,20,1474,20,20,0,false,3,429
evaluated_candidate_set_only_arc_conditioned_pools,24,50,60,842400,v2_two_edge,14,20,1740,20,20,0,false,3,429
evaluated_candidate_set_only_arc_conditioned_pools,24,50,60,842400,v2_two_edge,15,20,2140,20,20,0,false,3,429
evaluated_candidate_set_only_arc_conditioned_pools,24,50,60,842400,v2_two_edge,16,20,2634,20,20,0,false,3,429
evaluated_candidate_set_only_arc_conditioned_pools,24,50,60,842400,v2_two_edge,17,20,2891,20,20,0,false,3,429
evaluated_candidate_set_only_arc_conditioned_pools,24,50,60,842400,v2_two_edge,18,20,2981,20,20,0,false,3,429
evaluated_candidate_set_only_arc_conditioned_pools,24,50,60,842400,v2_two_edge,19,20,2999,20,20,0,false,3,429
evaluated_candidate_set_only_arc_conditioned_pools,24,50,60,842400,v2_two_edge,20,20,3000,20,20,0,false,3,429
evaluated_candidate_set_only_arc_conditioned_pools,24,50,60,1447200,v2_two_edge,1,20,0,,,,false,3,422
evaluated_candidate_set_only_arc_conditioned_pools,24,50,60,1447200,v2_two_edge,2,20,126,534,,,false,3,422
evaluated_candidate_set_only_arc_conditioned_pools,24,50,60,1447200,v2_two_edge,3,20,141,112,534,422,true,3,422
evaluated_candidate_set_only_arc_conditioned_pools,24,50,60,1447200,v2_two_edge,4,20,261,88,112,24,false,3,422
evaluated_candidate_set_only_arc_conditioned_pools,24,50,60,1447200,v2_two_edge,5,20,331,29,88,59,false,3,422
evaluated_candidate_set_only_arc_conditioned_pools,24,50,60,1447200,v2_two_edge,6,20,461,23,29,6,false,3,422
evaluated_candidate_set_only_arc_conditioned_pools,24,50,60,1447200,v2_two_edge,7,20,564,19,23,4,false,3,422
evaluated_candidate_set_only_arc_conditioned_pools,24,50,60,1447200,v2_two_edge,8,20,698,19,19,0,false,3,422
evaluated_candidate_set_only_arc_conditioned_pools,24,50,60,1447200,v2_two_edge,9,20,842,19,19,0,false,3,422
evaluated_candidate_set_only_arc_conditioned_pools,24,50,60,1447200,v2_two_edge,10,20,990,19,19,0,false,3,422
evaluated_candidate_set_only_arc_conditioned_pools,24,50,60,1447200,v2_two_edge,11,20,1132,19,19,0,false,3,422
evaluated_candidate_set_only_arc_conditioned_pools,24,50,60,1447200,v2_two_edge,12,20,1287,19,19,0,false,3,422
evaluated_candidate_set_only_arc_conditioned_pools,24,50,60,1447200,v2_two_edge,13,20,1474,19,19,0,false,3,422
evaluated_candidate_set_only_arc_conditioned_pools,24,50,60,1447200,v2_two_edge,14,20,1740,19,19,0,false,3,422
evaluated_candidate_set_only_arc_conditioned_pools,24,50,60,1447200,v2_two_edge,15,20,2140,19,19,0,false,3,422
evaluated_candidate_set_only_arc_conditioned_pools,24,50,60,1447200,v2_two_edge,16,20,2634,19,19,0,false,3,422
evaluated_candidate_set_only_arc_conditioned_pools,24,50,60,1447200,v2_two_edge,17,20,2891,19,19,0,false,3,422
evaluated_candidate_set_only_arc_conditioned_pools,24,50,60,1447200,v2_two_edge,18,20,2981,19,19,0,false,3,422
evaluated_candidate_set_only_arc_conditioned_pools,24,50,60,1447200,v2_two_edge,19,20,2999,19,19,0,false,3,422
evaluated_candidate_set_only_arc_conditioned_pools,24,50,60,1447200,v2_two_edge,20,20,3000,19,19,0,false,3,422
evaluated_candidate_set_only_arc_conditioned_pools,24,50,90,842400,v2_two_edge,1,16,121,542,,,false,2,257
evaluated_candidate_set_only_arc_conditioned_pools,24,50,90,842400,v2_two_edge,2,16,248,285,542,257,true,2,257
evaluated_candidate_set_only_arc_conditioned_pools,24,50,90,842400,v2_two_edge,3,16,377,85,285,200,false,2,257
evaluated_candidate_set_only_arc_conditioned_pools,24,50,90,842400,v2_two_edge,4,16,504,28,85,57,false,2,257
evaluated_candidate_set_only_arc_conditioned_pools,24,50,90,842400,v2_two_edge,5,16,628,28,28,0,false,2,257
evaluated_candidate_set_only_arc_conditioned_pools,24,50,90,842400,v2_two_edge,6,16,756,23,28,5,false,2,257
evaluated_candidate_set_only_arc_conditioned_pools,24,50,90,842400,v2_two_edge,7,16,882,23,23,0,false,2,257
evaluated_candidate_set_only_arc_conditioned_pools,24,50,90,842400,v2_two_edge,8,16,1008,20,23,3,false,2,257
evaluated_candidate_set_only_arc_conditioned_pools,24,50,90,842400,v2_two_edge,9,16,1134,20,20,0,false,2,257
evaluated_candidate_set_only_arc_conditioned_pools,24,50,90,842400,v2_two_edge,10,16,1267,20,20,0,false,2,257
evaluated_candidate_set_only_arc_conditioned_pools,24,50,90,842400,v2_two_edge,11,16,1488,20,20,0,false,2,257
evaluated_candidate_set_only_arc_conditioned_pools,24,50,90,842400,v2_two_edge,12,16,2112,20,20,0,false,2,257
evaluated_candidate_set_only_arc_conditioned_pools,24,50,90,842400,v2_two_edge,13,16,2773,20,20,0,false,2,257
evaluated_candidate_set_only_arc_conditioned_pools,24,50,90,842400,v2_two_edge,14,16,2976,20,20,0,false,2,257
evaluated_candidate_set_only_arc_conditioned_pools,24,50,90,842400,v2_two_edge,15,16,2999,20,20,0,false,2,257
evaluated_candidate_set_only_arc_conditioned_pools,24,50,90,842400,v2_two_edge,16,16,3000,20,20,0,false,2,257
evaluated_candidate_set_only_arc_conditioned_pools,24,50,90,1447200,v2_two_edge,1,16,121,534,,,false,2,251
evaluated_candidate_set_only_arc_conditioned_pools,24,50,90,1447200,v2_two_edge,2,16,248,283,534,251,true,2,251
evaluated_candidate_set_only_arc_conditioned_pools,24,50,90,1447200,v2_two_edge,3,16,377,77,283,206,false,2,251
evaluated_candidate_set_only_arc_conditioned_pools,24,50,90,1447200,v2_two_edge,4,16,504,19,77,58,false,2,251
evaluated_candidate_set_only_arc_conditioned_pools,24,50,90,1447200,v2_two_edge,5,16,628,19,19,0,false,2,251
evaluated_candidate_set_only_arc_conditioned_pools,24,50,90,1447200,v2_two_edge,6,16,756,19,19,0,false,2,251
evaluated_candidate_set_only_arc_conditioned_pools,24,50,90,1447200,v2_two_edge,7,16,882,19,19,0,false,2,251
evaluated_candidate_set_only_arc_conditioned_pools,24,50,90,1447200,v2_two_edge,8,16,1008,19,19,0,false,2,251
evaluated_candidate_set_only_arc_conditioned_pools,24,50,90,1447200,v2_two_edge,9,16,1134,19,19,0,false,2,251
evaluated_candidate_set_only_arc_conditioned_pools,24,50,90,1447200,v2_two_edge,10,16,1267,19,19,0,false,2,251
evaluated_candidate_set_only_arc_conditioned_pools,24,50,90,1447200,v2_two_edge,11,16,1488,19,19,0,false,2,251
evaluated_candidate_set_only_arc_conditioned_pools,24,50,90,1447200,v2_two_edge,12,16,2112,19,19,0,false,2,251
evaluated_candidate_set_only_arc_conditioned_pools,24,50,90,1447200,v2_two_edge,13,16,2773,19,19,0,false,2,251
evaluated_candidate_set_only_arc_conditioned_pools,24,50,90,1447200,v2_two_edge,14,16,2976,19,19,0,false,2,251
evaluated_candidate_set_only_arc_conditioned_pools,24,50,90,1447200,v2_two_edge,15,16,2999,19,19,0,false,2,251
evaluated_candidate_set_only_arc_conditioned_pools,24,50,90,1447200,v2_two_edge,16,16,3000,19,19,0,false,2,251
evaluated_candidate_set_only_arc_conditioned_pools,24,75,30,842400,v2_two_edge,1,24,0,,,,false,4,251
evaluated_candidate_set_only_arc_conditioned_pools,24,75,30,842400,v2_two_edge,2,24,2,594,,,false,4,251
evaluated_candidate_set_only_arc_conditioned_pools,24,75,30,842400,v2_two_edge,3,24,126,542,594,52,false,4,251
evaluated_candidate_set_only_arc_conditioned_pools,24,75,30,842400,v2_two_edge,4,24,135,291,542,251,true,4,251
evaluated_candidate_set_only_arc_conditioned_pools,24,75,30,842400,v2_two_edge,5,24,183,291,291,0,false,4,251
evaluated_candidate_set_only_arc_conditioned_pools,24,75,30,842400,v2_two_edge,6,24,277,88,291,203,false,4,251
evaluated_candidate_set_only_arc_conditioned_pools,24,75,30,842400,v2_two_edge,7,24,344,29,88,59,false,4,251
evaluated_candidate_set_only_arc_conditioned_pools,24,75,30,842400,v2_two_edge,8,24,425,29,29,0,false,4,251
evaluated_candidate_set_only_arc_conditioned_pools,24,75,30,842400,v2_two_edge,9,24,519,23,29,6,false,4,251
evaluated_candidate_set_only_arc_conditioned_pools,24,75,30,842400,v2_two_edge,10,24,604,21,23,2,false,4,251
evaluated_candidate_set_only_arc_conditioned_pools,24,75,30,842400,v2_two_edge,11,24,693,21,21,0,false,4,251
evaluated_candidate_set_only_arc_conditioned_pools,24,75,30,842400,v2_two_edge,12,24,807,21,21,0,false,4,251
evaluated_candidate_set_only_arc_conditioned_pools,24,75,30,842400,v2_two_edge,13,24,952,20,21,1,false,4,251
evaluated_candidate_set_only_arc_conditioned_pools,24,75,30,842400,v2_two_edge,14,24,1094,20,20,0,false,4,251
evaluated_candidate_set_only_arc_conditioned_pools,24,75,30,842400,v2_two_edge,15,24,1241,20,20,0,false,4,251
evaluated_candidate_set_only_arc_conditioned_pools,24,75,30,842400,v2_two_edge,16,24,1401,20,20,0,false,4,251
evaluated_candidate_set_only_arc_conditioned_pools,24,75,30,842400,v2_two_edge,17,24,1609,20,20,0,false,4,251
evaluated_candidate_set_only_arc_conditioned_pools,24,75,30,842400,v2_two_edge,18,24,1898,20,20,0,false,4,251
evaluated_candidate_set_only_arc_conditioned_pools,24,75,30,842400,v2_two_edge,19,24,2282,20,20,0,false,4,251
evaluated_candidate_set_only_arc_conditioned_pools,24,75,30,842400,v2_two_edge,20,24,2653,20,20,0,false,4,251
evaluated_candidate_set_only_arc_conditioned_pools,24,75,30,842400,v2_two_edge,21,24,2902,20,20,0,false,4,251
evaluated_candidate_set_only_arc_conditioned_pools,24,75,30,842400,v2_two_edge,22,24,2987,20,20,0,false,4,251
evaluated_candidate_set_only_arc_conditioned_pools,24,75,30,842400,v2_two_edge,23,24,2997,20,20,0,false,4,251
evaluated_candidate_set_only_arc_conditioned_pools,24,75,30,842400,v2_two_edge,24,24,3000,20,20,0,false,4,251
evaluated_candidate_set_only_arc_conditioned_pools,24,75,30,1447200,v2_two_edge,1,24,0,,,,false,4,250
evaluated_candidate_set_only_arc_conditioned_pools,24,75,30,1447200,v2_two_edge,2,24,2,570,,,false,4,250
evaluated_candidate_set_only_arc_conditioned_pools,24,75,30,1447200,v2_two_edge,3,24,126,534,570,36,false,4,250
evaluated_candidate_set_only_arc_conditioned_pools,24,75,30,1447200,v2_two_edge,4,24,135,284,534,250,true,4,250
evaluated_candidate_set_only_arc_conditioned_pools,24,75,30,1447200,v2_two_edge,5,24,183,284,284,0,false,4,250
evaluated_candidate_set_only_arc_conditioned_pools,24,75,30,1447200,v2_two_edge,6,24,277,77,284,207,false,4,250
evaluated_candidate_set_only_arc_conditioned_pools,24,75,30,1447200,v2_two_edge,7,24,344,30,77,47,false,4,250
evaluated_candidate_set_only_arc_conditioned_pools,24,75,30,1447200,v2_two_edge,8,24,425,19,30,11,false,4,250
evaluated_candidate_set_only_arc_conditioned_pools,24,75,30,1447200,v2_two_edge,9,24,519,19,19,0,false,4,250
evaluated_candidate_set_only_arc_conditioned_pools,24,75,30,1447200,v2_two_edge,10,24,604,19,19,0,false,4,250
evaluated_candidate_set_only_arc_conditioned_pools,24,75,30,1447200,v2_two_edge,11,24,693,19,19,0,false,4,250
evaluated_candidate_set_only_arc_conditioned_pools,24,75,30,1447200,v2_two_edge,12,24,807,19,19,0,false,4,250
evaluated_candidate_set_only_arc_conditioned_pools,24,75,30,1447200,v2_two_edge,13,24,952,19,19,0,false,4,250
evaluated_candidate_set_only_arc_conditioned_pools,24,75,30,1447200,v2_two_edge,14,24,1094,19,19,0,false,4,250
evaluated_candidate_set_only_arc_conditioned_pools,24,75,30,1447200,v2_two_edge,15,24,1241,19,19,0,false,4,250
evaluated_candidate_set_only_arc_conditioned_pools,24,75,30,1447200,v2_two_edge,16,24,1401,19,19,0,false,4,250
evaluated_candidate_set_only_arc_conditioned_pools,24,75,30,1447200,v2_two_edge,17,24,1609,19,19,0,false,4,250
evaluated_candidate_set_only_arc_conditioned_pools,24,75,30,1447200,v2_two_edge,18,24,1898,19,19,0,false,4,250
evaluated_candidate_set_only_arc_conditioned_pools,24,75,30,1447200,v2_two_edge,19,24,2282,19,19,0,false,4,250
evaluated_candidate_set_only_arc_conditioned_pools,24,75,30,1447200,v2_two_edge,20,24,2653,19,19,0,false,4,250
evaluated_candidate_set_only_arc_conditioned_pools,24,75,30,1447200,v2_two_edge,21,24,2902,19,19,0,false,4,250
evaluated_candidate_set_only_arc_conditioned_pools,24,75,30,1447200,v2_two_edge,22,24,2987,19,19,0,false,4,250
evaluated_candidate_set_only_arc_conditioned_pools,24,75,30,1447200,v2_two_edge,23,24,2997,19,19,0,false,4,250
evaluated_candidate_set_only_arc_conditioned_pools,24,75,30,1447200,v2_two_edge,24,24,3000,19,19,0,false,4,250
evaluated_candidate_set_only_arc_conditioned_pools,24,75,60,842400,v2_two_edge,1,19,0,,,,false,3,219
evaluated_candidate_set_only_arc_conditioned_pools,24,75,60,842400,v2_two_edge,2,19,127,331,,,false,3,219
evaluated_candidate_set_only_arc_conditioned_pools,24,75,60,842400,v2_two_edge,3,19,153,112,331,219,true,3,219
evaluated_candidate_set_only_arc_conditioned_pools,24,75,60,842400,v2_two_edge,4,19,278,30,112,82,false,3,219
evaluated_candidate_set_only_arc_conditioned_pools,24,75,60,842400,v2_two_edge,5,19,376,29,30,1,false,3,219
evaluated_candidate_set_only_arc_conditioned_pools,24,75,60,842400,v2_two_edge,6,19,516,23,29,6,false,3,219
evaluated_candidate_set_only_arc_conditioned_pools,24,75,60,842400,v2_two_edge,7,19,637,23,23,0,false,3,219
evaluated_candidate_set_only_arc_conditioned_pools,24,75,60,842400,v2_two_edge,8,19,784,21,23,2,false,3,219
evaluated_candidate_set_only_arc_conditioned_pools,24,75,60,842400,v2_two_edge,9,19,933,20,21,1,false,3,219
evaluated_candidate_set_only_arc_conditioned_pools,24,75,60,842400,v2_two_edge,10,19,1078,20,20,0,false,3,219
evaluated_candidate_set_only_arc_conditioned_pools,24,75,60,842400,v2_two_edge,11,19,1224,20,20,0,false,3,219
evaluated_candidate_set_only_arc_conditioned_pools,24,75,60,842400,v2_two_edge,12,19,1370,20,20,0,false,3,219
evaluated_candidate_set_only_arc_conditioned_pools,24,75,60,842400,v2_two_edge,13,19,1595,20,20,0,false,3,219
evaluated_candidate_set_only_arc_conditioned_pools,24,75,60,842400,v2_two_edge,14,19,1970,20,20,0,false,3,219
evaluated_candidate_set_only_arc_conditioned_pools,24,75,60,842400,v2_two_edge,15,19,2485,20,20,0,false,3,219
evaluated_candidate_set_only_arc_conditioned_pools,24,75,60,842400,v2_two_edge,16,19,2849,20,20,0,false,3,219
evaluated_candidate_set_only_arc_conditioned_pools,24,75,60,842400,v2_two_edge,17,19,2977,20,20,0,false,3,219
evaluated_candidate_set_only_arc_conditioned_pools,24,75,60,842400,v2_two_edge,18,19,2999,20,20,0,false,3,219
evaluated_candidate_set_only_arc_conditioned_pools,24,75,60,842400,v2_two_edge,19,19,3000,20,20,0,false,3,219
evaluated_candidate_set_only_arc_conditioned_pools,24,75,60,1447200,v2_two_edge,1,19,0,,,,false,3,219
evaluated_candidate_set_only_arc_conditioned_pools,24,75,60,1447200,v2_two_edge,2,19,127,331,,,false,3,219
evaluated_candidate_set_only_arc_conditioned_pools,24,75,60,1447200,v2_two_edge,3,19,153,112,331,219,true,3,219
evaluated_candidate_set_only_arc_conditioned_pools,24,75,60,1447200,v2_two_edge,4,19,278,30,112,82,false,3,219
evaluated_candidate_set_only_arc_conditioned_pools,24,75,60,1447200,v2_two_edge,5,19,376,29,30,1,false,3,219
evaluated_candidate_set_only_arc_conditioned_pools,24,75,60,1447200,v2_two_edge,6,19,516,19,29,10,false,3,219
evaluated_candidate_set_only_arc_conditioned_pools,24,75,60,1447200,v2_two_edge,7,19,637,19,19,0,false,3,219
evaluated_candidate_set_only_arc_conditioned_pools,24,75,60,1447200,v2_two_edge,8,19,784,19,19,0,false,3,219
evaluated_candidate_set_only_arc_conditioned_pools,24,75,60,1447200,v2_two_edge,9,19,933,19,19,0,false,3,219
evaluated_candidate_set_only_arc_conditioned_pools,24,75,60,1447200,v2_two_edge,10,19,1078,19,19,0,false,3,219
evaluated_candidate_set_only_arc_conditioned_pools,24,75,60,1447200,v2_two_edge,11,19,1224,19,19,0,false,3,219
evaluated_candidate_set_only_arc_conditioned_pools,24,75,60,1447200,v2_two_edge,12,19,1370,19,19,0,false,3,219
evaluated_candidate_set_only_arc_conditioned_pools,24,75,60,1447200,v2_two_edge,13,19,1595,19,19,0,false,3,219
evaluated_candidate_set_only_arc_conditioned_pools,24,75,60,1447200,v2_two_edge,14,19,1970,19,19,0,false,3,219
evaluated_candidate_set_only_arc_conditioned_pools,24,75,60,1447200,v2_two_edge,15,19,2485,19,19,0,false,3,219
evaluated_candidate_set_only_arc_conditioned_pools,24,75,60,1447200,v2_two_edge,16,19,2849,19,19,0,false,3,219
evaluated_candidate_set_only_arc_conditioned_pools,24,75,60,1447200,v2_two_edge,17,19,2977,19,19,0,false,3,219
evaluated_candidate_set_only_arc_conditioned_pools,24,75,60,1447200,v2_two_edge,18,19,2999,19,19,0,false,3,219
evaluated_candidate_set_only_arc_conditioned_pools,24,75,60,1447200,v2_two_edge,19,19,3000,19,19,0,false,3,219
evaluated_candidate_set_only_arc_conditioned_pools,24,75,90,842400,v2_two_edge,1,14,126,542,,,false,2,257
evaluated_candidate_set_only_arc_conditioned_pools,24,75,90,842400,v2_two_edge,2,14,252,285,542,257,true,2,257
evaluated_candidate_set_only_arc_conditioned_pools,24,75,90,842400,v2_two_edge,3,14,378,85,285,200,false,2,257
evaluated_candidate_set_only_arc_conditioned_pools,24,75,90,842400,v2_two_edge,4,14,504,28,85,57,false,2,257
evaluated_candidate_set_only_arc_conditioned_pools,24,75,90,842400,v2_two_edge,5,14,630,28,28,0,false,2,257
evaluated_candidate_set_only_arc_conditioned_pools,24,75,90,842400,v2_two_edge,6,14,756,23,28,5,false,2,257
evaluated_candidate_set_only_arc_conditioned_pools,24,75,90,842400,v2_two_edge,7,14,882,23,23,0,false,2,257
evaluated_candidate_set_only_arc_conditioned_pools,24,75,90,842400,v2_two_edge,8,14,1008,20,23,3,false,2,257
evaluated_candidate_set_only_arc_conditioned_pools,24,75,90,842400,v2_two_edge,9,14,1136,20,20,0,false,2,257
evaluated_candidate_set_only_arc_conditioned_pools,24,75,90,842400,v2_two_edge,10,14,1308,20,20,0,false,2,257
evaluated_candidate_set_only_arc_conditioned_pools,24,75,90,842400,v2_two_edge,11,14,1806,20,20,0,false,2,257
evaluated_candidate_set_only_arc_conditioned_pools,24,75,90,842400,v2_two_edge,12,14,2651,20,20,0,false,2,257
evaluated_candidate_set_only_arc_conditioned_pools,24,75,90,842400,v2_two_edge,13,14,2974,20,20,0,false,2,257
evaluated_candidate_set_only_arc_conditioned_pools,24,75,90,842400,v2_two_edge,14,14,3000,20,20,0,false,2,257
evaluated_candidate_set_only_arc_conditioned_pools,24,75,90,1447200,v2_two_edge,1,14,126,534,,,false,2,251
evaluated_candidate_set_only_arc_conditioned_pools,24,75,90,1447200,v2_two_edge,2,14,252,283,534,251,true,2,251
evaluated_candidate_set_only_arc_conditioned_pools,24,75,90,1447200,v2_two_edge,3,14,378,77,283,206,false,2,251
evaluated_candidate_set_only_arc_conditioned_pools,24,75,90,1447200,v2_two_edge,4,14,504,19,77,58,false,2,251
evaluated_candidate_set_only_arc_conditioned_pools,24,75,90,1447200,v2_two_edge,5,14,630,19,19,0,false,2,251
evaluated_candidate_set_only_arc_conditioned_pools,24,75,90,1447200,v2_two_edge,6,14,756,19,19,0,false,2,251
evaluated_candidate_set_only_arc_conditioned_pools,24,75,90,1447200,v2_two_edge,7,14,882,19,19,0,false,2,251
evaluated_candidate_set_only_arc_conditioned_pools,24,75,90,1447200,v2_two_edge,8,14,1008,19,19,0,false,2,251
evaluated_candidate_set_only_arc_conditioned_pools,24,75,90,1447200,v2_two_edge,9,14,1136,19,19,0,false,2,251
evaluated_candidate_set_only_arc_conditioned_pools,24,75,90,1447200,v2_two_edge,10,14,1308,19,19,0,false,2,251
evaluated_candidate_set_only_arc_conditioned_pools,24,75,90,1447200,v2_two_edge,11,14,1806,19,19,0,false,2,251
evaluated_candidate_set_only_arc_conditioned_pools,24,75,90,1447200,v2_two_edge,12,14,2651,19,19,0,false,2,251
evaluated_candidate_set_only_arc_conditioned_pools,24,75,90,1447200,v2_two_edge,13,14,2974,19,19,0,false,2,251
evaluated_candidate_set_only_arc_conditioned_pools,24,75,90,1447200,v2_two_edge,14,14,3000,19,19,0,false,2,251
